epi_week;date;country;state;city;newDeaths;deaths;newCases;totalCases;deathsMS;totalCasesMS;deaths_per_100k_inhabitants;totalCases_per_100k_inhabitants;deaths_by_totalCases;recovered;suspects;tests;tests_per_100k_inhabitants;vaccinated;vaccinated_per_100_inhabitants;vaccinated_second;vaccinated_second_per_100_inhabitants;vaccinated_single;vaccinated_single_per_100_inhabitants
9;25/02/2020;Brazil;TOTAL;TOTAL;0;0;1;1;0;0;0;47;0;;;;;;;;;;
9;26/02/2020;Brazil;TOTAL;TOTAL;0;0;0;1;0;1;0;47;0;;;;;;;;;;
9;27/02/2020;Brazil;TOTAL;TOTAL;0;0;0;1;0;1;0;47;0;;;;;;;;;;
9;28/02/2020;Brazil;TOTAL;TOTAL;0;0;1;2;0;1;0;94;0;;;;;;;;;;
9;29/02/2020;Brazil;TOTAL;TOTAL;0;0;0;2;0;2;0;94;0;;;;;;;;;;
10;01/03/2020;Brazil;TOTAL;TOTAL;0;0;0;2;0;2;0;94;0;;;;;;;;;;
10;02/03/2020;Brazil;TOTAL;TOTAL;0;0;0;2;0;2;0;94;0;;;;;;;;;;
10;03/03/2020;Brazil;TOTAL;TOTAL;0;0;0;2;0;2;0;94;0;;;;;;;;;;
10;04/03/2020;Brazil;TOTAL;TOTAL;0;0;1;3;0;3;0;141;0;;;;;;;;;;
10;05/03/2020;Brazil;TOTAL;TOTAL;0;0;4;7;0;7;0;328;0;;;;;;;;;;
10;06/03/2020;Brazil;TOTAL;TOTAL;0;0;7;14;0;13;0;656;0;;;;;;;;;;
10;07/03/2020;Brazil;TOTAL;TOTAL;0;0;5;19;0;19;0;891;0;;;;;;;;;;
11;08/03/2020;Brazil;TOTAL;TOTAL;0;0;6;25;0;25;0;1172;0;;;;;;;;;;
11;09/03/2020;Brazil;TOTAL;TOTAL;0;0;0;25;0;25;0;1172;0;;;;;;;;;;
11;10/03/2020;Brazil;TOTAL;TOTAL;0;0;9;34;0;34;0;1594;0;;;;;;;;;;
11;11/03/2020;Brazil;TOTAL;TOTAL;0;0;19;53;0;52;0;2485;0;;;;;;;;;;
11;12/03/2020;Brazil;TOTAL;TOTAL;0;0;36;89;0;77;0;4172;0;;;;;;;;;;
11;13/03/2020;Brazil;TOTAL;TOTAL;0;0;17;106;0;98;0;4969;0;;;;;;;;;;
11;14/03/2020;Brazil;TOTAL;TOTAL;0;0;36;142;0;121;0;6657;0;;;;;;;;;;
12;15/03/2020;Brazil;TOTAL;TOTAL;0;0;83;225;0;200;0;10548;0;;;;;;;;;;
12;16/03/2020;Brazil;TOTAL;TOTAL;0;0;54;279;0;234;0;13079;0;;;;;;;;;;
12;17/03/2020;Brazil;TOTAL;TOTAL;1;1;54;333;1;291;47;15611;300;;;;;;;;;;
12;18/03/2020;Brazil;TOTAL;TOTAL;3;4;181;514;4;428;188;24096;778;;;;;;;;;;
12;19/03/2020;Brazil;TOTAL;TOTAL;3;7;129;643;6;621;328;30143;1089;;;;;;;;;;
12;20/03/2020;Brazil;TOTAL;TOTAL;4;11;331;974;11;904;516;45660;1129;;;;;;;;;;
12;21/03/2020;Brazil;TOTAL;TOTAL;7;18;224;1198;18;1128;844;56160;1503;;;;;;;;;;
13;22/03/2020;Brazil;TOTAL;TOTAL;7;25;396;1594;25;1546;1172;74724;1568;;;;;;;;;;
13;23/03/2020;Brazil;TOTAL;TOTAL;9;34;358;1952;34;1891;1594;91507;1742;8;15867;;;;;;;;
13;24/03/2020;Brazil;TOTAL;TOTAL;13;47;303;2255;46;2201;2203;105711;2084;20;17700;;;;;;;;
13;25/03/2020;Brazil;TOTAL;TOTAL;12;59;311;2566;57;2433;2766;120290;2299;27;27227;;;;;;;;
13;26/03/2020;Brazil;TOTAL;TOTAL;18;77;424;2990;77;2915;3610;140167;2575;42;50012;;;;;;;;
13;27/03/2020;Brazil;TOTAL;TOTAL;16;93;486;3476;92;3417;4360;162949;2675;42;51903;;;;;;;;
13;28/03/2020;Brazil;TOTAL;TOTAL;22;115;479;3955;114;3903;5391;185404;2908;56;53256;;;;;;;;
14;29/03/2020;Brazil;TOTAL;TOTAL;24;139;360;4315;136;4256;6516;202281;3221;56;59066;;;;;;;;
14;30/03/2020;Brazil;TOTAL;TOTAL;27;166;348;4663;159;4579;7782;218594;3560;66;58163;;;;;;;;
14;31/03/2020;Brazil;TOTAL;TOTAL;36;202;1161;5824;201;5717;9469;273020;3468;66;64941;;;;;;;;
14;01/04/2020;Brazil;TOTAL;TOTAL;42;244;1107;6931;240;6836;11438;324915;3520;78;64537;;;;;;;;
14;02/04/2020;Brazil;TOTAL;TOTAL;61;305;1169;8100;299;7910;14298;379715;3765;78;69980;;;;;;;;
14;03/04/2020;Brazil;TOTAL;TOTAL;60;365;1112;9212;359;9056;17111;431844;3962;78;72409;;;;;;;;
14;04/04/2020;Brazil;TOTAL;TOTAL;80;445;1169;10381;432;10278;20861;486645;4287;78;75599;;;;;;;;
15;05/04/2020;Brazil;TOTAL;TOTAL;52;497;1043;11424;486;11130;23299;535539;4350;104;77432;;;;;;;;
15;06/04/2020;Brazil;TOTAL;TOTAL;73;570;838;12262;553;12056;26721;574824;4649;355;78016;;;;;;;;
15;07/04/2020;Brazil;TOTAL;TOTAL;121;691;1821;14083;667;13717;32393;660189;4907;575;92611;;;;;;;;
15;08/04/2020;Brazil;TOTAL;TOTAL;135;826;2175;16258;800;15927;38722;762150;5081;796;95190;;;;;;;;
15;09/04/2020;Brazil;TOTAL;TOTAL;133;959;1937;18195;941;17857;44956;852953;5271;845;101430;;;;;;;;
15;10/04/2020;Brazil;TOTAL;TOTAL;114;1073;1742;19937;1056;19638;50301;934616;5382;999;117103;;;;;;;;
15;11/04/2020;Brazil;TOTAL;TOTAL;68;1141;1055;20992;1124;20727;53488;984072;5435;1016;116697;;;;;;;;
16;12/04/2020;Brazil;TOTAL;TOTAL;96;1237;1464;22456;1223;22169;57989;1052702;5509;1080;119817;;;;;;;;
16;13/04/2020;Brazil;TOTAL;TOTAL;120;1357;1412;23868;1328;23430;63614;1118895;5685;2977;122545;;;;;;;;
16;14/04/2020;Brazil;TOTAL;TOTAL;200;1557;1909;25777;1532;25262;72990;1208386;6040;3152;125661;;;;;;;;
16;15/04/2020;Brazil;TOTAL;TOTAL;203;1760;3242;29019;1736;28320;82506;1360366;6065;4273;127808;;;;;;;;
16;16/04/2020;Brazil;TOTAL;TOTAL;202;1962;2082;31101;1924;30425;91976;1457967;6308;4471;131354;;;;;;;;
16;17/04/2020;Brazil;TOTAL;TOTAL;211;2173;3296;34397;2141;33682;101867;1612478;6317;5032;140962;;;;;;;;
16;18/04/2020;Brazil;TOTAL;TOTAL;202;2375;2778;37175;2347;36599;111336;1742706;6389;5157;144535;;;;;;;;
17;19/04/2020;Brazil;TOTAL;TOTAL;116;2491;2022;39197;2462;38654;116774;1837495;6355;5618;148191;;;;;;;;
17;20/04/2020;Brazil;TOTAL;TOTAL;107;2598;1740;40937;2575;40581;121790;1919063;6346;6722;150556;;;;;;;;
17;21/04/2020;Brazil;TOTAL;TOTAL;174;2772;2742;43679;2741;43079;129947;2047604;6346;7407;160377;;;;;;;;
17;22/04/2020;Brazil;TOTAL;TOTAL;169;2941;2740;46419;2906;45757;137870;2176051;6336;8594;161004;;;;;;;;
17;23/04/2020;Brazil;TOTAL;TOTAL;408;3349;3879;50298;3313;49492;156996;2357892;6658;9160;162940;;;;;;;;
17;24/04/2020;Brazil;TOTAL;TOTAL;373;3722;3910;54208;3670;52995;174482;2541187;6866;10456;164897;;;;;;;;
17;25/04/2020;Brazil;TOTAL;TOTAL;352;4074;5299;59507;4016;58509;190983;2789596;6846;11760;177807;;;;;;;;
18;26/04/2020;Brazil;TOTAL;TOTAL;227;4301;3715;63222;4205;61888;201624;2963749;6803;12514;181924;179698;84.23963;;;;;;
18;27/04/2020;Brazil;TOTAL;TOTAL;305;4606;4145;67367;4543;66501;215922;3158060;6837;13850;188205;187145;87.73067;;;;;;
18;28/04/2020;Brazil;TOTAL;TOTAL;488;5094;6231;73598;5017;71886;238799;3450160;6921;15309;192629;189730;88.94248;;;;;;
18;29/04/2020;Brazil;TOTAL;TOTAL;443;5537;6201;79799;5466;78162;259566;3740853;6939;16206;197625;194407;91.13499;;;;;;
18;30/04/2020;Brazil;TOTAL;TOTAL;443;5980;7322;87121;5901;85380;280333;4084097;6864;18241;219598;238863;111.97527;;;;;;
18;01/05/2020;Brazil;TOTAL;TOTAL;459;6439;5544;92665;6329;91589;301850;4343991;6949;19557;228335;238863;111.97527;;;;;;
18;02/05/2020;Brazil;TOTAL;TOTAL;371;6810;4913;97578;6750;96559;319242;4574305;6979;20680;230734;238863;111.97527;;;;;;
19;03/05/2020;Brazil;TOTAL;TOTAL;267;7077;4445;102023;7025;101147;331759;4782680;6937;21619;236614;250023;117.20690;;;;;;
19;04/05/2020;Brazil;TOTAL;TOTAL;304;7381;6982;109005;7321;107780;346010;5109985;6771;22599;234778;250291;117.33254;;;;;;
19;05/05/2020;Brazil;TOTAL;TOTAL;591;7972;7407;116412;7921;114715;373715;5457214;6848;24721;235844;250291;117.33254;;;;;;
19;06/05/2020;Brazil;TOTAL;TOTAL;625;8597;10539;126951;8536;125218;403014;5951266;6772;29175;251417;299004;140.16844;;;;;;
19;07/05/2020;Brazil;TOTAL;TOTAL;675;9272;9736;136687;9146;135106;434657;6407675;6783;34745;263089;300565;140.90021;;;;;;
19;08/05/2020;Brazil;TOTAL;TOTAL;754;10026;10402;147089;9897;145328;470003;6895304;6816;36382;270166;300565;140.90021;;;;;;
19;09/05/2020;Brazil;TOTAL;TOTAL;671;10697;10162;157251;10627;155939;501459;7371683;6803;39664;278561;300565;140.90021;;;;;;
20;10/05/2020;Brazil;TOTAL;TOTAL;478;11175;6259;163510;11123;162699;523867;7665095;6834;48361;282594;359273;168.42161;;;;;;
20;11/05/2020;Brazil;TOTAL;TOTAL;485;11660;6219;169729;11519;168331;546603;7956632;6870;51415;286633;359273;168.42161;;;;;;
20;12/05/2020;Brazil;TOTAL;TOTAL;842;12502;9604;179333;12400;177589;586074;8406853;6971;56348;291636;359273;168.42161;;;;;;
20;13/05/2020;Brazil;TOTAL;TOTAL;778;13280;11695;191028;13149;188974;622546;8955096;6952;62543;293234;359273;168.42161;;;;;;
20;14/05/2020;Brazil;TOTAL;TOTAL;789;14069;14130;205158;13993;202918;659533;9617489;6858;69313;312279;430405;201.76719;;;;;;
20;15/05/2020;Brazil;TOTAL;TOTAL;914;14983;15462;220620;14817;218223;702380;10342323;6791;73615;320559;466209;218.55155;;;;;;
20;16/05/2020;Brazil;TOTAL;TOTAL;719;15702;14055;234675;15633;233142;736085;11001200;6691;79883;325939;466209;218.55155;;;;;;
21;17/05/2020;Brazil;TOTAL;TOTAL;500;16202;7669;242344;16118;241080;759525;11360711;6686;83525;324989;466209;218.55155;;;;;;
21;18/05/2020;Brazil;TOTAL;TOTAL;722;16924;14555;256899;16792;254220;793371;12043027;6588;94294;371828;583549;273.55872;;;;;;
21;19/05/2020;Brazil;TOTAL;TOTAL;1150;18074;17483;274382;17971;271628;847281;12862603;6587;102197;357562;583549;273.55872;;;;;;
21;20/05/2020;Brazil;TOTAL;TOTAL;985;19059;20221;294603;18859;291579;893456;13810532;6469;112074;368166;583549;273.55872;;;;;;
21;21/05/2020;Brazil;TOTAL;TOTAL;1069;20128;18143;312746;20047;310087;943569;14661047;6436;122013;370025;583549;273.55872;;;;;;
21;22/05/2020;Brazil;TOTAL;TOTAL;1031;21159;21798;334544;21048;330890;991901;15682904;6325;131078;390786;705048;330.51557;;;;;;
21;23/05/2020;Brazil;TOTAL;TOTAL;1046;22205;17010;351554;22013;347398;1040936;16480306;6316;151300;397461;705289;330.62854;;;;;;
22;24/05/2020;Brazil;TOTAL;TOTAL;658;22863;14477;366031;22666;363211;1071782;17158965;6246;163583;407438;705289;330.62854;;;;;;
22;25/05/2020;Brazil;TOTAL;TOTAL;726;23589;12779;378810;23473;374898;1105816;17758025;6227;171023;408031;846669;396.90529;;;;;;
22;26/05/2020;Brazil;TOTAL;TOTAL;1055;24644;16323;395133;24512;391222;1155272;18523222;6237;181069;409042;883885;414.35158;;;;;;
22;27/05/2020;Brazil;TOTAL;TOTAL;1060;25704;20198;415331;25598;411821;1204964;19470073;6189;190847;433254;883885;414.35158;;;;;;
22;28/05/2020;Brazil;TOTAL;TOTAL;1189;26893;28333;443664;26754;438238;1260702;20798280;6062;202757;438008;935748;438.66415;;;;;;
22;29/05/2020;Brazil;TOTAL;TOTAL;1138;28031;26890;470554;27878;465166;1314050;22058842;5957;216641;448612;1084104;508.21114;;;;;;
22;30/05/2020;Brazil;TOTAL;TOTAL;864;28895;32320;502874;28834;498440;1354553;23573953;5746;259340;464824;1104772;517.89998;;;;;;
23;31/05/2020;Brazil;TOTAL;TOTAL;470;29365;13222;516096;29314;514849;1376586;24193780;5690;270248;468308;1104772;517.89998;;;;;;
23;01/06/2020;Brazil;TOTAL;TOTAL;742;30107;15149;531245;29937;526447;1411369;24903941;5667;281394;469746;1104772;517.89998;;;;;;
23;02/06/2020;Brazil;TOTAL;TOTAL;1364;31471;31672;562917;31199;555383;1475312;26388676;5591;295743;477224;1247455;584.78755;;;;;;
23;03/06/2020;Brazil;TOTAL;TOTAL;1194;32665;26085;589002;32548;584016;1531285;27611500;5546;306346;498111;1247455;584.78755;;;;;;
23;04/06/2020;Brazil;TOTAL;TOTAL;1510;34175;31950;620952;34021;614941;1602071;29109266;5504;322965;505516;1247455;584.78755;;;;;;
23;05/06/2020;Brazil;TOTAL;TOTAL;1076;35251;32098;653050;35026;645771;1652512;30613971;5398;343001;552662;1375741;644.92604;;;;;;
23;06/06/2020;Brazil;TOTAL;TOTAL;801;36052;23790;676840;35930;672846;1690062;31729209;5327;356563;571355;1470260;689.23508;;;;;;
24;07/06/2020;Brazil;TOTAL;TOTAL;476;36528;17985;694825;36455;691758;1712376;32572318;5257;368135;574654;1470260;689.23508;;;;;;
24;08/06/2020;Brazil;TOTAL;TOTAL;863;37391;17335;712160;37134;707412;1752832;33384956;5250;379886;577781;1470260;689.23508;;;;;;
24;09/06/2020;Brazil;TOTAL;TOTAL;1193;38584;31692;743852;38406;739503;1808758;34870628;5187;398366;588300;1605960;752.84913;;;;;;
24;10/06/2020;Brazil;TOTAL;TOTAL;1236;39820;33789;777641;39680;772416;1866700;36454604;5121;415545;609821;1605960;752.84913;;;;;;
24;11/06/2020;Brazil;TOTAL;TOTAL;1269;41089;28758;806399;40919;802828;1926189;37802734;5095;433145;641947;1605960;752.84913;;;;;;
24;12/06/2020;Brazil;TOTAL;TOTAL;842;41931;24255;830654;41828;828810;1965660;38939771;5048;447197;642237;1605960;752.84913;;;;;;
24;13/06/2020;Brazil;TOTAL;TOTAL;857;42788;21189;851843;42720;850514;2005835;39933078;5023;461510;654713;1826663;856.31128;;;;;;
25;14/06/2020;Brazil;TOTAL;TOTAL;634;43422;16792;868635;43332;867624;2035556;40720261;4999;471215;635617;1828459;857.15321;;;;;;
25;15/06/2020;Brazil;TOTAL;TOTAL;764;44186;24616;893251;43959;888271;2071371;41874221;4947;479783;632654;1828459;857.15321;;;;;;
25;16/06/2020;Brazil;TOTAL;TOTAL;1332;45518;36982;930233;45241;923189;2133813;43607880;4893;492079;647347;1828459;857.15321;;;;;;
25;17/06/2020;Brazil;TOTAL;TOTAL;1185;46703;30920;961153;46510;955377;2189364;45057362;4859;523450;667661;2117602;992.69897;;;;;;
25;18/06/2020;Brazil;TOTAL;TOTAL;1237;47940;25517;986670;47748;978142;2247353;46253559;4859;537266;674042;2550648;1195.70421;;;;;;
25;19/06/2020;Brazil;TOTAL;TOTAL;1172;49112;56055;1042725;48954;1032913;2302294;48881330;4710;558812;690406;2550648;1195.70421;;;;;;
25;20/06/2020;Brazil;TOTAL;TOTAL;982;50094;28854;1071579;49976;1067579;2348329;50233961;4675;591760;703893;2550648;1195.70421;;;;;;
26;21/06/2020;Brazil;TOTAL;TOTAL;609;50703;16566;1088145;50617;1085038;2376878;51010550;4660;603482;705788;2782076;1304.19407;;;;;;
26;22/06/2020;Brazil;TOTAL;TOTAL;735;51438;26488;1114633;51271;1106470;2411334;52252266;4615;617491;703204;2782076;1304.19407;;;;;;
26;23/06/2020;Brazil;TOTAL;TOTAL;1405;52843;39500;1154133;52645;1145906;2477198;54103965;4579;631012;705799;2782076;1304.19407;;;;;;
26;24/06/2020;Brazil;TOTAL;TOTAL;1110;53953;41053;1195186;53830;1188631;2529233;56028466;4514;663155;712681;2793176;1309.39758;;;;;;
26;25/06/2020;Brazil;TOTAL;TOTAL;1173;55126;41464;1236650;54971;1228114;2584221;57972234;4458;684348;695858;2793176;1309.39758;;;;;;
26;26/06/2020;Brazil;TOTAL;TOTAL;992;56118;44881;1281531;55961;1274974;2630725;60076185;4379;706569;710170;3157120;1480.00888;;;;;;
26;27/06/2020;Brazil;TOTAL;TOTAL;1035;57153;36918;1318449;57070;1313667;2679244;61806844;4335;731780;708323;3157120;1480.00888;;;;;;
27;28/06/2020;Brazil;TOTAL;TOTAL;600;57753;32990;1351439;57622;1344143;2707371;63353364;4273;750188;709836;3157120;1480.00888;;;;;;
27;29/06/2020;Brazil;TOTAL;TOTAL;714;58467;21439;1372878;58314;1368195;2740842;64358391;4259;761981;727018;3203771;1501.87815;;;;;;
27;30/06/2020;Brazil;TOTAL;TOTAL;1314;59781;39680;1412558;59594;1402041;2802441;66218528;4232;792488;739535;3203771;1501.87815;;;;;;
27;01/07/2020;Brazil;TOTAL;TOTAL;1086;60867;46825;1459383;60632;1448753;2853351;68413611;4171;930362;747616;3504141;1642.68694;;;;;;
27;02/07/2020;Brazil;TOTAL;TOTAL;1258;62125;44398;1503781;61884;1496858;2912324;70494920;4131;966910;751144;3504141;1642.68694;;;;;;
27;03/07/2020;Brazil;TOTAL;TOTAL;1213;63338;43038;1546819;63174;1539081;2969187;72512475;4095;990688;773235;3504141;1642.68694;;;;;;
27;04/07/2020;Brazil;TOTAL;TOTAL;1057;64395;33566;1580385;64265;1577004;3018738;74085997;4075;1020024;782500;3504141;1642.68694;;;;;;
28;05/07/2020;Brazil;TOTAL;TOTAL;559;64954;25192;1605577;64867;1603055;3044943;75266959;4046;1044332;780207;3889883;1823.51681;;;;;;
28;06/07/2020;Brazil;TOTAL;TOTAL;683;65637;24452;1630029;65487;1623284;3076961;76413231;4027;1068615;787252;3889883;1823.51681;;;;;;
28;07/07/2020;Brazil;TOTAL;TOTAL;1299;66936;46696;1676725;66741;1668589;3137856;78602267;3992;1113085;797262;3889883;1823.51681;;;;;;
28;08/07/2020;Brazil;TOTAL;TOTAL;1173;68109;45249;1721974;67964;1713160;3192844;80723470;3955;1146728;817764;4287499;2009.91302;;;;;;
28;09/07/2020;Brazil;TOTAL;TOTAL;1222;69331;42956;1764930;69184;1755779;3250130;82737180;3928;1175420;827775;4287499;2009.91302;;;;;;
28;10/07/2020;Brazil;TOTAL;TOTAL;1299;70630;44310;1809240;70398;1800827;3311025;84814365;3904;1217361;887741;4287499;2009.91302;;;;;;
28;11/07/2020;Brazil;TOTAL;TOTAL;931;71561;34946;1844186;71469;1839850;3354669;86452579;3880;1244088;892187;4869986;2282.97389;;;;;;
29;12/07/2020;Brazil;TOTAL;TOTAL;617;72178;23657;1867843;72100;1864681;3383593;87561582;3864;1264843;888046;4870980;2283.43986;;;;;;
29;13/07/2020;Brazil;TOTAL;TOTAL;832;73010;22539;1890382;72833;1884967;3422596;88618176;3862;1291251;886727;4870980;2283.43986;;;;;;
29;14/07/2020;Brazil;TOTAL;TOTAL;1301;74311;42770;1933152;74133;1926824;3483584;90623167;3844;1328535;916266;4870980;2283.43986;;;;;;
29;15/07/2020;Brazil;TOTAL;TOTAL;1271;75582;40564;1973716;75366;1966748;3543167;92524744;3829;1367648;932931;5074948;2379.05690;;;;;;
29;16/07/2020;Brazil;TOTAL;TOTAL;1320;76902;43838;2017554;76688;2012151;3605046;94579802;3812;1398471;937349;5233799;2453.52378;;;;;;
29;17/07/2020;Brazil;TOTAL;TOTAL;1123;78025;34680;2052234;77851;2046328;3657691;96205546;3802;1428733;919587;5233799;2453.52378;;;;;;
29;18/07/2020;Brazil;TOTAL;TOTAL;844;78869;25694;2077928;78772;2074860;3697256;97410041;3796;1459072;921836;5233799;2453.52378;;;;;;
30;19/07/2020;Brazil;TOTAL;TOTAL;703;79572;23216;2101144;79488;2098389;3730212;98498371;3787;1489635;921194;5233799;2453.52378;;;;;;
30;20/07/2020;Brazil;TOTAL;TOTAL;774;80346;23008;2124152;80120;2118646;3766496;99576951;3782;1521443;928969;5535729;2595.06388;;;;;;
30;21/07/2020;Brazil;TOTAL;TOTAL;1317;81663;46927;2171079;81487;2159654;3828235;101776816;3761;1576168;937261;5535729;2595.06388;;;;;;
30;22/07/2020;Brazil;TOTAL;TOTAL;1296;82959;66150;2237229;82771;2227514;3888989;104877825;3708;1620313;941990;5535729;2595.06388;;;;;;
30;23/07/2020;Brazil;TOTAL;TOTAL;1313;84272;57326;2294555;84082;2287475;3950541;107565179;3673;1693214;977662;5535729;2595.06388;;;;;;
30;24/07/2020;Brazil;TOTAL;TOTAL;1142;85414;56750;2351305;85238;2343366;4004076;110225531;3633;1751922;1000699;6047128;2834.79980;;;;;;
30;25/07/2020;Brazil;TOTAL;TOTAL;1108;86522;47528;2398833;86449;2394513;4056017;112453570;3607;1787593;1003919;6047128;2834.79980;;;;;;
31;26/07/2020;Brazil;TOTAL;TOTAL;571;87093;22670;2421503;87004;2419091;4082785;113516304;3597;1812913;1008016;6047128;2834.79980;;;;;;
31;27/07/2020;Brazil;TOTAL;TOTAL;684;87777;27998;2449501;87618;2442375;4114850;114828807;3583;1848326;1011487;6047128;2834.79980;;;;;;
31;28/07/2020;Brazil;TOTAL;TOTAL;1257;89034;53995;2503496;88539;2483191;4173776;117360009;3556;1885035;1053208;6359398;2981.18713;;;;;;
31;29/07/2020;Brazil;TOTAL;TOTAL;1198;90232;55439;2558935;90134;2552265;4229936;119958903;3526;1930579;1066739;6359398;2981.18713;;;;;;
31;30/07/2020;Brazil;TOTAL;TOTAL;1202;91434;58161;2617096;91263;2610102;4286284;122685401;3494;1964858;1073615;6988772;3276.22790;;;;;;
31;31/07/2020;Brazil;TOTAL;TOTAL;1271;92705;53142;2670238;92475;2662485;4345867;125176615;3472;2008854;1079525;6988772;3276.22790;;;;;;
31;01/08/2020;Brazil;TOTAL;TOTAL;937;93642;41525;2711763;93563;2707877;4389792;127123243;3453;2046101;1077192;6988772;3276.22790;;;;;;
32;02/08/2020;Brazil;TOTAL;TOTAL;535;94177;24218;2735981;94104;2733677;4414872;128258545;3442;2070779;1055952;8179160;3834.26333;;;;;;
32;03/08/2020;Brazil;TOTAL;TOTAL;598;94775;19947;2755928;94665;2750318;4442905;129193629;3439;2098976;1057182;8179160;3834.26333;;;;;;
32;04/08/2020;Brazil;TOTAL;TOTAL;1321;96096;56011;2811939;95819;2801921;4504831;131819338;3417;2157553;1065394;8185369;3837.17401;;;;;;
32;05/08/2020;Brazil;TOTAL;TOTAL;1391;97487;56677;2868616;97256;2859073;4570039;134476268;3398;2193786;1027452;8185369;3837.17401;;;;;;
32;06/08/2020;Brazil;TOTAL;TOTAL;1225;98712;53734;2922350;98493;2912212;4627465;136995235;3378;2250192;1038623;8477624;3974.17862;;;;;;
32;07/08/2020;Brazil;TOTAL;TOTAL;1084;99796;49658;2972008;99572;2962442;4678282;139323125;3358;2281074;1052114;8477624;3974.17862;;;;;;
32;08/08/2020;Brazil;TOTAL;TOTAL;825;100621;46114;3018122;100477;3012412;4716956;141484877;3334;2321560;1057423;8477624;3974.17862;;;;;;
33;09/08/2020;Brazil;TOTAL;TOTAL;568;101189;22741;3040863;101049;3035422;4743583;142550940;3328;2356983;1070268;8638045;4049.38150;;;;;;
33;10/08/2020;Brazil;TOTAL;TOTAL;789;101978;26622;3067485;101752;3057470;4780570;143798938;3324;2396860;1070388;9130523;4280.24754;;;;;;
33;11/08/2020;Brazil;TOTAL;TOTAL;1181;103159;50585;3118070;103026;3109630;4835934;146170285;3308;2450664;1074176;9130523;4280.24754;;;;;;
33;12/08/2020;Brazil;TOTAL;TOTAL;1191;104350;54876;3172946;104201;3164785;4891766;148742786;3289;2506448;1597938;9497419;4452.24270;;;;;;
33;13/08/2020;Brazil;TOTAL;TOTAL;1228;105578;60824;3233770;105463;3224876;4949333;151594121;3265;2529245;1603169;9497419;4452.24270;;;;;;
33;14/08/2020;Brazil;TOTAL;TOTAL;1013;106591;49457;3283227;106523;3275520;4996821;153912589;3247;2587612;1599922;10255722;4807.72338;;;;;;
33;15/08/2020;Brazil;TOTAL;TOTAL;730;107321;36851;3320078;107232;3317096;5031042;155640106;3232;2622878;1602840;10255722;4807.72338;;;;;;
34;16/08/2020;Brazil;TOTAL;TOTAL;594;107915;23036;3343114;107852;3340197;5058888;156719998;3228;2661233;1618414;10570174;4955.13360;;;;;;
34;17/08/2020;Brazil;TOTAL;TOTAL;785;108700;24136;3367250;108536;3359570;5095687;157851456;3228;2699080;1621927;10570174;4955.13360;;;;;;
34;18/08/2020;Brazil;TOTAL;TOTAL;1347;110047;48862;3416112;109888;3407354;5158833;160142031;3221;2751518;1625197;10570174;4955.13360;;;;;;
34;19/08/2020;Brazil;TOTAL;TOTAL;1156;111203;48307;3464419;111100;3456652;5213024;162406588;3210;2801931;1631219;10570174;4955.13360;;;;;;
34;20/08/2020;Brazil;TOTAL;TOTAL;1236;112439;42951;3507370;112304;3501975;5270966;164420065;3206;2844318;1815614;10980583;5147.52697;;;;;;
34;21/08/2020;Brazil;TOTAL;TOTAL;1064;113503;32566;3539936;113358;3532330;5320845;165946708;3206;2879361;1821296;11005604;5159.25643;;;;;;
34;22/08/2020;Brazil;TOTAL;TOTAL;828;114331;46119;3586055;114250;3582362;5359660;168108695;3188;2919647;1820287;11005604;5159.25643;;;;;;
35;23/08/2020;Brazil;TOTAL;TOTAL;456;114787;21835;3607890;114744;3605783;5381036;169132286;3182;2948815;1860031;11005604;5159.25643;;;;;;
35;24/08/2020;Brazil;TOTAL;TOTAL;707;115494;23124;3631014;115309;3622861;5414180;170216304;3181;2987729;1865172;11193479;5247.32931;;;;;;
35;25/08/2020;Brazil;TOTAL;TOTAL;1204;116698;46289;3677303;116580;3669995;5470621;172386260;3173;3032551;1868953;11193479;5247.32931;;;;;;
35;26/08/2020;Brazil;TOTAL;TOTAL;1084;117782;48133;3725436;117665;3717156;5521437;174642660;3162;3082447;1876011;11193479;5247.32931;;;;;;
35;27/08/2020;Brazil;TOTAL;TOTAL;984;118766;42354;3767790;118649;3761391;5567566;176628150;3152;3124465;1837705;11210798;5255.44819;;;;;;
35;28/08/2020;Brazil;TOTAL;TOTAL;845;119611;43994;3811784;119504;3804803;5607178;178690521;3138;3158783;1844484;11210798;5255.44819;;;;;;
35;29/08/2020;Brazil;TOTAL;TOTAL;909;120520;37597;3849381;120462;3846153;5649791;180453010;3131;3202185;1918414;11682165;5476.41773;;;;;;
36;30/08/2020;Brazil;TOTAL;TOTAL;399;120919;14665;3864046;120828;3862311;5668495;181140482;3129;3237615;1921404;11682165;5476.41773;;;;;;
36;31/08/2020;Brazil;TOTAL;TOTAL;639;121558;49864;3913910;121381;3908272;5698450;183478029;3106;3304354;1922047;11682165;5476.41773;;;;;;
36;01/09/2020;Brazil;TOTAL;TOTAL;1159;122717;44175;3958085;122596;3950931;5752783;185548885;3100;3353637;1932996;11907217;5581.91861;;;;;;
36;02/09/2020;Brazil;TOTAL;TOTAL;1203;123920;46595;4004680;123780;3997865;5809177;187733186;3094;3393078;1957442;11933975;5594.46235;;;;;;
36;03/09/2020;Brazil;TOTAL;TOTAL;871;124791;46821;4051501;124614;4041638;5850008;189928082;3080;3429435;1961411;11953385;5603.56146;;;;;;
36;04/09/2020;Brazil;TOTAL;TOTAL;847;125638;39888;4091389;125521;4092832;5889715;191797969;3071;3467525;1955844;11953385;5603.56146;;;;;;
36;05/09/2020;Brazil;TOTAL;TOTAL;607;126245;33875;4125264;126203;4123000;5918170;193385977;3060;3499469;1970393;11953385;5603.56146;;;;;;
37;06/09/2020;Brazil;TOTAL;TOTAL;457;126702;14697;4139961;126650;4137521;5939593;194074949;3060;3522155;1970119;11953385;5603.56146;;;;;;
37;07/09/2020;Brazil;TOTAL;TOTAL;322;127024;9540;4149501;126960;4147794;5954688;194522170;3061;3549201;2003196;13270898;6221.19111;;;;;;
37;08/09/2020;Brazil;TOTAL;TOTAL;521;127545;18761;4168262;127464;4162073;5979112;195401656;3060;3572421;2009001;13270898;6221.19111;;;;;;
37;09/09/2020;Brazil;TOTAL;TOTAL;1159;128704;37113;4205375;128539;4197889;6033444;197141456;3060;3611632;2007620;13270898;6221.19111;;;;;;
37;10/09/2020;Brazil;TOTAL;TOTAL;974;129678;40745;4246120;129522;4238446;6079103;199051519;3054;3657701;2007352;13270898;6221.19111;;;;;;
37;11/09/2020;Brazil;TOTAL;TOTAL;847;130525;41451;4287571;130396;4282164;6118810;200994677;3044;3695158;2003022;13807456;6472.72118;;;;;;
37;12/09/2020;Brazil;TOTAL;TOTAL;768;131293;30869;4318440;131210;4315687;6154812;202441768;3040;3723206;2003750;13836559;6486.36421;;;;;;
38;13/09/2020;Brazil;TOTAL;TOTAL;405;131698;14019;4332459;131625;4330455;6173798;203098957;3040;3748895;2002467;13836559;6486.36421;;;;;;
38;14/09/2020;Brazil;TOTAL;TOTAL;456;132154;20325;4352784;132006;4345610;6195175;204051762;3036;3770138;1999342;13836559;6486.36421;;;;;;
38;15/09/2020;Brazil;TOTAL;TOTAL;1084;133238;34739;4387523;133119;4382263;6245991;205680272;3037;3811505;2007221;13836559;6486.36421;;;;;;
38;16/09/2020;Brazil;TOTAL;TOTAL;962;134200;37376;4424899;134106;4419083;6291088;207432401;3033;3853829;2309561;14149045;6632.85280;;;;;;
38;17/09/2020;Brazil;TOTAL;TOTAL;869;135069;36399;4461298;134935;4455386;6331825;209138729;3028;3873934;2311508;14166928;6641.23608;;;;;;
38;18/09/2020;Brazil;TOTAL;TOTAL;828;135897;39717;4501015;135793;4495183;6370641;211000601;3019;3908897;2317353;14166928;6641.23608;;;;;;
38;19/09/2020;Brazil;TOTAL;TOTAL;681;136578;29555;4530570;136532;4528240;6402565;212386093;3015;3937914;2316944;14166928;6641.23608;;;;;;
39;20/09/2020;Brazil;TOTAL;TOTAL;351;136929;15438;4546008;136895;4544629;6419019;213109803;3012;3963446;2315521;14166928;6641.23608;;;;;;
39;21/09/2020;Brazil;TOTAL;TOTAL;462;137391;17325;4563333;137272;4558068;6440677;213921972;3011;3979644;2319134;14457260;6777.33921;;;;;;
39;22/09/2020;Brazil;TOTAL;TOTAL;797;138188;35259;4598592;138108;4591604;6478039;215574859;3005;4040987;2319693;14457260;6777.33921;;;;;;
39;23/09/2020;Brazil;TOTAL;TOTAL;932;139120;32724;4631316;138977;4624885;6521730;217108910;3004;4070983;2321202;14457260;6777.33921;;;;;;
39;24/09/2020;Brazil;TOTAL;TOTAL;794;139914;32010;4663326;139808;4657702;6558951;218609489;3000;4109792;2332463;15096660;7077.08002;;;;;;
39;25/09/2020;Brazil;TOTAL;TOTAL;822;140736;32308;4695634;140537;4689613;6597485;220124038;2997;4130667;2335105;15096660;7077.08002;;;;;;
39;26/09/2020;Brazil;TOTAL;TOTAL;722;141458;24715;4720349;141406;4717991;6631332;221282639;2997;4153267;2336932;15096660;7077.08002;;;;;;
40;27/09/2020;Brazil;TOTAL;TOTAL;339;141797;13785;4734134;141741;4732309;6647223;221928858;2995;4172711;2336385;15096660;7077.08002;;;;;;
40;28/09/2020;Brazil;TOTAL;TOTAL;390;142187;16865;4750999;142058;4745464;6665506;222719463;2993;4197372;2334820;15096660;7077.08002;;;;;;
40;29/09/2020;Brazil;TOTAL;TOTAL;856;143043;32729;4783728;142921;4777522;6705634;224253748;2990;4237152;2355891;15375387;7207.74291;;;;;;
40;30/09/2020;Brazil;TOTAL;TOTAL;984;144027;32993;4816721;143952;4810935;6751762;225800408;2990;4274774;2450932;15412955;7225.35421;;;;;;
40;01/10/2020;Brazil;TOTAL;TOTAL;773;144800;35775;4852496;144680;4847092;6787999;227477485;2984;4299659;2457302;15412955;7225.35421;;;;;;
40;02/10/2020;Brazil;TOTAL;TOTAL;654;145454;32816;4885312;145388;4880523;6818658;229015848;2977;4324700;2505248;15412955;7225.35421;;;;;;
40;03/10/2020;Brazil;TOTAL;TOTAL;572;146026;22732;4908044;145987;4906833;6845472;230081489;2975;4361108;2517587;15715116;7367.00259;;;;;;
41;04/10/2020;Brazil;TOTAL;TOTAL;374;146400;8989;4917033;146352;4915289;6863005;230502879;2977;4376667;2517511;15715116;7367.00259;;;;;;
41;05/10/2020;Brazil;TOTAL;TOTAL;393;146793;26044;4943077;146675;4927235;6881428;231723782;2970;4400214;2443135;15715116;7367.00259;;;;;;
41;06/10/2020;Brazil;TOTAL;TOTAL;810;147603;31522;4974599;147494;4969141;6919400;233201484;2967;4430340;2446771;15715116;7367.00259;;;;;;
41;07/10/2020;Brazil;TOTAL;TOTAL;725;148328;30932;5005531;148228;5000694;6953387;234651528;2963;4458274;2457664;15715116;7367.00259;;;;;;
41;08/10/2020;Brazil;TOTAL;TOTAL;733;149061;26816;5032347;148957;5028444;6987748;235908621;2962;4486954;2466210;16037030;7517.91088;;;;;;
41;09/10/2020;Brazil;TOTAL;TOTAL;654;149715;27734;5060081;149639;5055888;7018407;237208748;2959;4502170;2471242;16037030;7517.91088;;;;;;
41;10/10/2020;Brazil;TOTAL;TOTAL;533;150248;23753;5083834;150198;5082637;7043393;238322251;2955;4529778;2473908;16772127;7862.51295;;;;;;
42;11/10/2020;Brazil;TOTAL;TOTAL;278;150526;12189;5096023;150488;5094979;7056425;238893653;2954;4553223;2473908;16772127;7862.51295;;;;;;
42;12/10/2020;Brazil;TOTAL;TOTAL;194;150720;8633;5104656;150689;5103408;7065520;239298355;2953;4575656;2473908;16772127;7862.51295;;;;;;
42;13/10/2020;Brazil;TOTAL;TOTAL;377;151097;13354;5118010;150998;5113628;7083193;239924369;2952;4596565;2473908;16772127;7862.51295;;;;;;
42;14/10/2020;Brazil;TOTAL;TOTAL;733;151830;27837;5145847;151747;5140863;7117555;241229325;2951;4626943;2473908;16772127;7862.51295;;;;;;
42;15/10/2020;Brazil;TOTAL;TOTAL;814;152644;30423;5176270;152460;5169386;7155714;242655508;2949;4655705;2473908;16772127;7862.51295;;;;;;
42;16/10/2020;Brazil;TOTAL;TOTAL;643;153287;28593;5204863;153214;5200300;7185857;243995903;2945;4678510;2473908;16772127;7862.51295;;;;;;
42;17/10/2020;Brazil;TOTAL;TOTAL;415;153702;20776;5225639;153675;5224362;7205311;244969850;2941;4701636;2473908;16772127;7862.51295;;;;;;
43;18/10/2020;Brazil;TOTAL;TOTAL;235;153937;12050;5237689;153905;5235344;7216328;245534735;2939;4716887;2473908;16772127;7862.51295;;;;;;
43;19/10/2020;Brazil;TOTAL;TOTAL;326;154263;16577;5254266;154176;5250727;7231610;246311839;2936;4736903;2473908;16772127;7862.51295;;;;;;
43;20/10/2020;Brazil;TOTAL;TOTAL;648;154911;23763;5278029;154837;5273954;7261987;247425812;2935;4761602;2473908;16772127;7862.51295;;;;;;
43;21/10/2020;Brazil;TOTAL;TOTAL;570;155481;25853;5303882;155403;5298772;7288708;248637760;2931;4785118;2473908;16772127;7862.51295;;;;;;
43;22/10/2020;Brazil;TOTAL;TOTAL;505;155986;24765;5328647;155900;5323630;7312382;249798705;2927;4805356;2473908;16772127;7862.51295;;;;;;
43;23/10/2020;Brazil;TOTAL;TOTAL;563;156549;29912;5358559;156471;5353656;7338774;251200933;2921;4824464;2473908;16772127;7862.51295;;;;;;
43;24/10/2020;Brazil;TOTAL;TOTAL;387;156936;25064;5383623;156903;5380635;7356916;252375895;2915;4847528;2473908;16772127;7862.51295;;;;;;
44;25/10/2020;Brazil;TOTAL;TOTAL;233;157169;12253;5395876;157134;5394128;7367839;252950296;2913;4866894;2473908;16772127;7862.51295;;;;;;
44;26/10/2020;Brazil;TOTAL;TOTAL;302;157471;18607;5414483;157397;5409854;7381996;253822564;2908;4895737;2473908;16772127;7862.51295;;;;;;
44;27/10/2020;Brazil;TOTAL;TOTAL;525;157996;29955;5444438;157946;5439641;7406607;255226808;2902;4914733;2499203;18736824;8783.53243;;;;;;
44;28/10/2020;Brazil;TOTAL;TOTAL;505;158501;28375;5472813;158456;5468270;7430281;256556984;2896;4947777;2498603;18816082;8820.68735;;;;;;
44;29/10/2020;Brazil;TOTAL;TOTAL;551;159052;26684;5499497;158969;5494376;7456111;257807888;2892;4962574;2503263;18845636;8834.54181;;;;;;
44;30/10/2020;Brazil;TOTAL;TOTAL;573;159625;24364;5523861;159477;5516658;7482972;258950035;2890;4987435;2505061;18894312;8857.36036;;;;;;
44;31/10/2020;Brazil;TOTAL;TOTAL;292;159917;13166;5537027;159884;5535605;7496661;259567236;2888;5005161;2511155;21374279;10019.93042;;;;;;
45;01/11/2020;Brazil;TOTAL;TOTAL;203;160120;10187;5547214;160074;5545705;7506177;260044787;2886;5022438;2511155;21406521;10035.04497;;;;;;
45;02/11/2020;Brazil;TOTAL;TOTAL;165;160285;8249;5555463;160253;5554206;7513912;260431487;2885;5039438;2503731;21426648;10044.48019;;;;;;
45;03/11/2020;Brazil;TOTAL;TOTAL;288;160573;14581;5570044;160496;5566049;7527413;261115022;2883;5060697;2498596;21455397;10057.95728;;;;;;
45;04/11/2020;Brazil;TOTAL;TOTAL;618;161191;23313;5593357;161106;5590025;7556384;262207899;2882;5078162;2501446;21518065;10087.33507;;;;;;
45;05/11/2020;Brazil;TOTAL;TOTAL;603;161794;23842;5617199;161736;5612319;7584652;263325575;2880;5102762;2508455;21635781;10142.51850;;;;;;
45;06/11/2020;Brazil;TOTAL;TOTAL;271;162065;20200;5637399;162038;5633747;7597356;264272520;2875;5118156;2516051;21682101;10164.23260;;;;;;
45;07/11/2020;Brazil;TOTAL;TOTAL;228;162293;17743;5655142;162269;5653561;7608044;265104284;2870;5138641;2522720;21744150;10193.32021;;;;;;
46;08/11/2020;Brazil;TOTAL;TOTAL;190;162483;10502;5665644;162397;5664115;7616951;265596602;2868;5147172;2522720;21766350;10203.72722;;;;;;
46;09/11/2020;Brazil;TOTAL;TOTAL;186;162669;13412;5679056;162628;5675032;7625670;266225335;2864;5163226;2520095;21811819;10225.04238;;;;;;
46;10/11/2020;Brazil;TOTAL;TOTAL;198;162867;46421;5725477;162829;5700044;7634952;268401480;2845;5183970;2520095;21878411;10256.25968;;;;;;
46;11/11/2020;Brazil;TOTAL;TOTAL;574;163441;26244;5751721;163373;5748375;7661861;269631758;2842;5222937;2520095;21908724;10270.46994;;;;;;
46;12/11/2020;Brazil;TOTAL;TOTAL;933;164374;33901;5785622;164281;5781582;7705598;271220984;2841;5254457;2520095;22008774;10317.37183;;;;;;
46;13/11/2020;Brazil;TOTAL;TOTAL;576;164950;38715;5824337;164737;5810652;7732600;273035883;2832;5274812;2520095;22084995;10353.10305;;;;;;
46;14/11/2020;Brazil;TOTAL;TOTAL;734;165684;26277;5850614;165658;5848959;7767009;274267708;2832;5279452;2520095;22089038;10354.99835;;;;;;
47;15/11/2020;Brazil;TOTAL;TOTAL;140;165824;13905;5864519;165798;5863093;7773572;274919553;2828;5280855;2520095;22089038;10354.99835;;;;;;
47;16/11/2020;Brazil;TOTAL;TOTAL;257;166081;15741;5880260;166014;5876464;7785620;275657467;2824;5335498;2520095;22223755;10418.15159;;;;;;
47;17/11/2020;Brazil;TOTAL;TOTAL;678;166759;35488;5915748;166699;5911758;7817403;277321089;2819;5358299;2520095;22274567;10441.97147;;;;;;
47;18/11/2020;Brazil;TOTAL;TOTAL;755;167514;34530;5950278;167455;5945849;7852796;278939802;2815;5383385;2520095;22357626;10480.90824;;;;;;
47;19/11/2020;Brazil;TOTAL;TOTAL;647;168161;35981;5986259;168061;5981767;7883127;280626536;2809;5406066;2520095;22420323;10510.29962;;;;;;
47;20/11/2020;Brazil;TOTAL;TOTAL;514;168675;38858;6025117;168613;6020164;7907222;282448138;2800;5430896;2520095;22503688;10549.37984;;;;;;
47;21/11/2020;Brazil;TOTAL;TOTAL;357;169032;30221;6055338;168989;6052786;7923958;283864852;2791;5437189;2520095;22528947;10561.22087;;;;;;
48;22/11/2020;Brazil;TOTAL;TOTAL;178;169210;17925;6073263;169183;6071401;7932302;284705148;2786;5459306;2520095;22564250;10577.77036;;;;;;
48;23/11/2020;Brazil;TOTAL;TOTAL;355;169565;18156;6091419;169485;6087608;7948944;285556273;2784;5481184;2520095;22634876;10610.87874;;;;;;
48;24/11/2020;Brazil;TOTAL;TOTAL;627;170192;34529;6125948;170115;6118708;7978337;287174939;2778;5509645;2520095;22711485;10646.79185;;;;;;
48;25/11/2020;Brazil;TOTAL;TOTAL;623;170815;44623;6170571;170769;6166606;8007542;289266796;2768;5534010;2520095;22780858;10679.31283;;;;;;
48;26/11/2020;Brazil;TOTAL;TOTAL;710;171525;40882;6211453;171460;6204220;8040826;291183281;2761;5556887;2520095;22879792;10725.69156;;;;;;
48;27/11/2020;Brazil;TOTAL;TOTAL;559;172084;33507;6244960;171974;6238350;8067031;292754037;2756;5581436;2520095;22999678;10781.89226;;;;;;
48;28/11/2020;Brazil;TOTAL;TOTAL;544;172628;51484;6296444;172561;6290272;8092533;295167527;2742;5583425;2520095;22999678;10781.89226;;;;;;
49;29/11/2020;Brazil;TOTAL;TOTAL;233;172861;21008;6317452;172833;6314740;8103456;296152350;2736;5584588;2520095;22999678;10781.89226;;;;;;
49;30/11/2020;Brazil;TOTAL;TOTAL;351;173212;23691;6341143;173120;6335878;8119910;297262947;2732;5681648;2520095;23183521;10868.07500;;;;;;
49;01/12/2020;Brazil;TOTAL;TOTAL;685;173897;51984;6393127;173817;6386787;8152022;299699876;2720;5712305;2520095;25667025;12032.30315;;;;;;
49;02/12/2020;Brazil;TOTAL;TOTAL;679;174576;48472;6441599;174515;6436650;8183852;301972168;2710;5759294;2520095;25736998;12065.10541;;;;;;
49;03/12/2020;Brazil;TOTAL;TOTAL;761;175337;50133;6491732;175270;6487084;8219527;304322326;2701;5792539;2520095;25847171;12116.75280;;;;;;
49;04/12/2020;Brazil;TOTAL;TOTAL;678;176015;47669;6539401;175964;6533968;8251310;306556974;2692;5825745;2520095;25925584;12153.51160;;;;;;
49;05/12/2020;Brazil;TOTAL;TOTAL;647;176662;40281;6579682;176628;6577177;8281641;308445285;2685;5864838;2520095;25957935;12168.67725;;;;;;
50;06/12/2020;Brazil;TOTAL;TOTAL;340;177002;26430;6606112;176941;6603540;8297579;309684283;2679;5869420;2520095;25966103;12172.50628;;;;;;
50;07/12/2020;Brazil;TOTAL;TOTAL;425;177427;27019;6633131;177317;6623911;8317503;310950891;2675;5917337;2520095;26074986;12223.54894;;;;;;
50;08/12/2020;Brazil;TOTAL;TOTAL;797;178224;47795;6680926;178159;6674999;8354865;313191447;2668;5966118;2520095;26153478;12260.34477;;;;;;
50;09/12/2020;Brazil;TOTAL;TOTAL;853;179077;54581;6735507;178995;6728452;8394852;315750119;2659;5970320;2520095;26153478;12260.34477;;;;;;
50;10/12/2020;Brazil;TOTAL;TOTAL;769;179846;53546;6789053;179765;6781799;8430901;318260273;2649;6043219;2520095;26309534;12333.50140;;;;;;
50;11/12/2020;Brazil;TOTAL;TOTAL;661;180507;52545;6841598;180437;6836227;8461888;320723501;2638;6078287;2520095;26489470;12417.85261;;;;;;
50;12/12/2020;Brazil;TOTAL;TOTAL;677;181184;42321;6883919;181123;6880127;8493625;322707444;2632;6083155;2520095;26492110;12419.09020;;;;;;
51;13/12/2020;Brazil;TOTAL;TOTAL;295;181479;22029;6905948;181402;6901952;8507454;323740129;2628;6138349;2520095;26596658;12468.10068;;;;;;
51;14/12/2020;Brazil;TOTAL;TOTAL;513;181992;27373;6933321;181835;6927145;8531503;325023333;2625;6158049;2520095;26625122;12481.44416;;;;;;
51;15/12/2020;Brazil;TOTAL;TOTAL;934;182926;48027;6981348;182799;6970034;8575287;327274764;2620;6206483;2520095;26720982;12526.38184;;;;;;
51;16/12/2020;Brazil;TOTAL;TOTAL;941;183867;66120;7047468;183735;7040608;8619400;330374367;2609;6239192;2520095;26765768;12547.37683;;;;;;
51;17/12/2020;Brazil;TOTAL;TOTAL;1060;184927;68689;7116157;184827;7110434;8669091;333594401;2599;6301547;2520095;26916786;12618.17172;;;;;;
51;18/12/2020;Brazil;TOTAL;TOTAL;816;185743;52846;7169003;185650;7162978;8707344;336071739;2591;6322955;2520095;26940294;12629.19191;;;;;;
51;19/12/2020;Brazil;TOTAL;TOTAL;659;186402;48239;7217242;186356;7213155;8738237;338333109;2583;6388938;2520095;27044505;12678.04441;;;;;;
52;20/12/2020;Brazil;TOTAL;TOTAL;418;186820;24482;7241724;186764;7238600;8757832;339480787;2580;6412156;2520095;27092095;12700.35386;;;;;;
52;21/12/2020;Brazil;TOTAL;TOTAL;561;187381;27640;7269364;187291;7263619;8784131;340776507;2578;6469310;2520095;27179327;12741.24687;;;;;;
52;22/12/2020;Brazil;TOTAL;TOTAL;969;188350;56661;7326025;188259;7318821;8829556;343432687;2571;6501341;2520095;27234590;12767.15331;;;;;;
52;23/12/2020;Brazil;TOTAL;TOTAL;965;189315;45667;7371692;189220;7365517;8874794;345573485;2568;6518805;2520095;27246435;12772.70606;;;;;;
52;24/12/2020;Brazil;TOTAL;TOTAL;760;190075;58209;7429901;190006;7425593;8910421;348302233;2558;6523897;2520095;27246435;12772.70606;;;;;;
52;25/12/2020;Brazil;TOTAL;TOTAL;482;190557;21180;7451081;190488;7448560;8933017;349295119;2557;6527267;2520095;27246435;12772.70606;;;;;;
52;26/12/2020;Brazil;TOTAL;TOTAL;296;190853;17533;7468614;190795;7465806;8946893;350117038;2555;6654189;2520095;27464362;12874.86686;;;;;;
53;27/12/2020;Brazil;TOTAL;TOTAL;337;191190;17612;7486226;191139;7484285;8962691;350942662;2554;6678793;2520095;27480401;12882.38569;;;;;;
53;28/12/2020;Brazil;TOTAL;TOTAL;537;191727;27435;7513661;191570;7504833;8987864;352228772;2552;6714031;2520095;29017161;13602.79494;;;;;;
53;29/12/2020;Brazil;TOTAL;TOTAL;1050;192777;56367;7570028;192681;7563551;9037087;354871169;2547;6754111;2520095;29067010;13626.16338;;;;;;
53;30/12/2020;Brazil;TOTAL;TOTAL;1216;193993;55593;7625621;193875;7619200;9094091;357477283;2544;6814092;2520095;29170573;13674.71210;;;;;;
53;31/12/2020;Brazil;TOTAL;TOTAL;1015;195008;54461;7680082;194949;7675973;9141673;360030330;2539;6848844;2520095;29244757;13709.48841;;;;;;
53;01/01/2021;Brazil;TOTAL;TOTAL;470;195478;22937;7703019;195411;7700578;9163705;361105581;2538;6855372;2520095;29249432;13711.67998;;;;;;
53;02/01/2021;Brazil;TOTAL;TOTAL;292;195770;15351;7718370;195725;7716405;9177394;361825212;2536;6893256;2520095;29298771;13734.80934;;;;;;
101;03/01/2021;Brazil;TOTAL;TOTAL;311;196081;17189;7735559;196018;7733746;9191973;362631006;2535;6904382;2520095;29325305;13747.24807;;;;;;
101;04/01/2021;Brazil;TOTAL;TOTAL;594;196675;25030;7760589;196561;7753752;9219819;363804373;2534;6950045;2520095;29360809;13763.89179;;;;;;
101;05/01/2021;Brazil;TOTAL;TOTAL;1188;197863;58081;7818670;197732;7810400;9275510;366527121;2531;6995541;2520095;29433114;13797.78725;;;;;;
101;06/01/2021;Brazil;TOTAL;TOTAL;1230;199093;62481;7881151;198974;7873830;9333171;369456133;2526;7033286;2520095;29498348;13828.36794;;;;;;
101;07/01/2021;Brazil;TOTAL;TOTAL;1518;200611;87955;7969106;200498;7961673;9404332;373579327;2517;7081521;2520095;29561570;13858.00543;;;;;;
101;08/01/2021;Brazil;TOTAL;TOTAL;1078;201689;59576;8028682;201460;8013708;9454867;376372157;2512;7136817;2520095;29638759;13894.19044;;;;;;
101;09/01/2021;Brazil;TOTAL;TOTAL;1008;202697;51388;8080070;202631;8075998;9502121;378781147;2509;7205410;2520095;29691328;13918.83397;;;;;;
102;10/01/2021;Brazil;TOTAL;TOTAL;489;203186;29027;8109097;203100;8105790;9525044;380141888;2506;7231336;2520095;29723641;13933.98180;;;;;;
102;11/01/2021;Brazil;TOTAL;TOTAL;491;203677;30739;8139836;203580;8131612;9548062;381582884;2502;7273237;2520095;29818855;13978.61665;;;;;;
102;12/01/2021;Brazil;TOTAL;TOTAL;1125;204802;64415;8204251;204690;8195637;9600800;384602560;2496;7284945;2520095;29826084;13982.00549;;;;;;
102;13/01/2021;Brazil;TOTAL;TOTAL;1264;206066;59806;8264057;205964;8256536;9660054;387406172;2494;7348189;2520095;29955213;14042.53916;;;;;;
102;14/01/2021;Brazil;TOTAL;TOTAL;1154;207220;68317;8332374;207095;8324294;9714152;390608767;2487;7394739;2520095;30024424;14074.98421;;;;;;
102;15/01/2021;Brazil;TOTAL;TOTAL;1136;208356;69087;8401461;208246;8393492;9767406;393847459;2480;7438075;2520095;30124644;14121.96579;;;;;;
102;16/01/2021;Brazil;TOTAL;TOTAL;1014;209370;58438;8459899;209296;8455059;9814941;396586941;2475;7485823;2520095;30194431;14154.68085;;;;;;
103;17/01/2021;Brazil;TOTAL;TOTAL;551;209921;31414;8491313;209847;8488099;9840771;398059581;2472;7522851;3718483;30244995;14178.38447;371;0.00017;99;0.00005;19;0.00001
103;18/01/2021;Brazil;TOTAL;TOTAL;476;210397;28924;8520237;210299;8511770;9863085;399415493;2469;7560460;3718483;30334083;14220.14754;1621;0.00076;116;0.00005;157;0.00007
103;19/01/2021;Brazil;TOTAL;TOTAL;1160;211557;62137;8582374;211491;8573864;9917464;402328379;2465;7618080;3725819;30417016;14259.02525;15934;0.00747;147;0.00007;157;0.00007
103;20/01/2021;Brazil;TOTAL;TOTAL;1395;212952;64470;8646844;212831;8638249;9982859;405350633;2463;7624849;3747143;30417016;14259.02525;124620;0.05842;214;0.00010;157;0.00007
103;21/01/2021;Brazil;TOTAL;TOTAL;1347;214299;58937;8705781;214147;8697368;10046005;408113508;2462;7673092;3747143;30488673;14292.61694;270572;0.12684;458;0.00021;157;0.00007
103;22/01/2021;Brazil;TOTAL;TOTAL;1071;215370;56591;8762372;215243;8753920;10096211;410766406;2458;7754675;3747143;30663982;14374.79908;617925;0.28967;854;0.00040;157;0.00007
103;23/01/2021;Brazil;TOTAL;TOTAL;1145;216515;58294;8820666;216445;8816254;10149887;413499139;2455;7791551;3747143;30689586;14386.80183;742705;0.34817;932;0.00044;157;0.00007
104;24/01/2021;Brazil;TOTAL;TOTAL;594;217109;28517;8849183;217037;8844577;10177733;414835971;2453;7821376;3747143;30751500;14415.82616;786821;0.36885;971;0.00046;158;0.00007
104;25/01/2021;Brazil;TOTAL;TOTAL;689;217798;30528;8879711;217664;8871393;10210032;416267077;2453;7864969;3747143;30774397;14426.55992;1004859;0.47106;1088;0.00051;158;0.00007
104;26/01/2021;Brazil;TOTAL;TOTAL;1154;218952;61598;8941309;218878;8933356;10264130;419154695;2449;7930380;3747143;30900248;14485.55691;1258914;0.59016;1238;0.00058;158;0.00007
104;27/01/2021;Brazil;TOTAL;TOTAL;1336;220288;64761;9006070;220161;8996876;10326760;422190591;2446;7964176;3975589;30938972;14503.71012;1571594;0.73674;1364;0.00064;159;0.00007
104;28/01/2021;Brazil;TOTAL;TOTAL;1437;221725;60744;9066814;221547;9058687;10394124;425038175;2445;7992906;3975589;32789216;15371.07581;1833299;0.85942;1534;0.00072;160;0.00008
104;29/01/2021;Brazil;TOTAL;TOTAL;1084;222809;59484;9126298;222666;9118513;10444940;427826693;2441;8066603;3975589;32880655;15413.94099;2221823;1.04156;1662;0.00078;160;0.00008
104;30/01/2021;Brazil;TOTAL;TOTAL;1192;224001;53110;9179408;223945;9176975;10500819;430316407;2440;8148671;3975589;33028536;15483.26531;2341547;1.09768;1678;0.00079;163;0.00008
105;31/01/2021;Brazil;TOTAL;TOTAL;568;224569;27898;9207306;224504;9204731;10527446;431624222;2439;8176373;3975589;33046556;15491.71281;2377136;1.11436;1700;0.00080;167;0.00008
105;01/02/2021;Brazil;TOTAL;TOTAL;622;225191;28479;9235785;225099;9229322;10556605;432959273;2438;8222431;3975589;33078118;15506.50858;2581406;1.21012;1812;0.00085;167;0.00008
105;02/02/2021;Brazil;TOTAL;TOTAL;1259;226450;56262;9292047;226309;9283418;10615625;435596749;2437;8258074;3975589;33115124;15523.85642;2811140;1.31782;2015;0.00094;168;0.00008
105;03/02/2021;Brazil;TOTAL;TOTAL;1197;227647;54401;9346448;227563;9339420;10671738;438146983;2436;8313044;4324731;33126511;15529.19447;3101818;1.45408;2267;0.00106;169;0.00008
105;04/02/2021;Brazil;TOTAL;TOTAL;1276;228923;57100;9403548;228795;9396293;10731555;440823743;2434;8366197;4324731;33034153;15485.89847;3409546;1.59834;2582;0.00121;169;0.00008
105;05/02/2021;Brazil;TOTAL;TOTAL;1251;230174;51681;9455229;230034;9447165;10790200;443246468;2434;8396148;4324731;33069949;15502.67908;3756691;1.76108;4900;0.00230;169;0.00008
105;06/02/2021;Brazil;TOTAL;TOTAL;937;231111;46309;9501538;231012;9497795;10834125;445417362;2432;8429889;4324731;33095240;15514.53511;3885627;1.82152;22668;0.01063;170;0.00008
106;07/02/2021;Brazil;TOTAL;TOTAL;488;231599;26161;9527699;231534;9524640;10857002;446643749;2431;8468459;4461188;33121192;15526.70101;3927535;1.84117;28726;0.01347;170;0.00008
106;08/02/2021;Brazil;TOTAL;TOTAL;720;232319;28578;9556277;232170;9548079;10890754;447983441;2431;8478818;4461188;33132899;15532.18907;4135700;1.93875;37466;0.01756;176;0.00008
106;09/02/2021;Brazil;TOTAL;TOTAL;1314;233633;51205;9607482;233520;9599565;10952353;450383852;2432;8577207;4538123;33355154;15636.37876;4387902;2.05698;56396;0.02644;179;0.00008
106;10/02/2021;Brazil;TOTAL;TOTAL;1361;234994;61094;9668576;234850;9659167;11016154;453247844;2430;8616282;4538123;33409955;15662.06862;4626757;2.16895;93862;0.04400;184;0.00009
106;11/02/2021;Brazil;TOTAL;TOTAL;1441;236435;53598;9722174;236201;9713909;11083706;455760435;2432;8637050;4538123;33441753;15676.97503;4849125;2.27319;173450;0.08131;184;0.00009
106;12/02/2021;Brazil;TOTAL;TOTAL;1220;237655;48933;9771107;237489;9765455;11140898;458054338;2432;8719379;4538123;33601025;15751.63927;5170209;2.42371;322027;0.15096;185;0.00009
106;13/02/2021;Brazil;TOTAL;TOTAL;1025;238680;44852;9815959;238532;9809754;11188948;460156931;2432;8747504;4538123;33662928;15780.65844;5248903;2.46060;351706;0.16487;187;0.00009
107;14/02/2021;Brazil;TOTAL;TOTAL;653;239333;30720;9846679;239245;9834513;11219560;461597037;2431;8767967;4538123;33708882;15802.20096;5270146;2.47056;385544;0.18074;188;0.00009
107;15/02/2021;Brazil;TOTAL;TOTAL;610;239943;25801;9872480;239773;9866710;11248156;462806547;2430;8832120;4548729;33741300;15817.39802;5461626;2.56033;520355;0.24393;190;0.00009
107;16/02/2021;Brazil;TOTAL;TOTAL;1092;241035;65264;9937744;240940;9921981;11299347;465866022;2425;8859157;4549147;33767865;15829.85128;5607935;2.62891;646660;0.30314;190;0.00009
107;17/02/2021;Brazil;TOTAL;TOTAL;1189;242224;47216;9984960;242090;9978747;11355085;468079435;2426;8942046;4549147;33875901;15880.49688;5751662;2.69629;824416;0.38647;192;0.00009
107;18/02/2021;Brazil;TOTAL;TOTAL;1438;243662;53466;10038426;243457;10030626;11422497;470585838;2427;8979652;4549147;33909730;15896.35539;5897311;2.76457;1008364;0.47271;192;0.00009
107;19/02/2021;Brazil;TOTAL;TOTAL;1330;244992;52137;10090563;244765;10081676;11484845;473029940;2428;9021456;4549147;34018639;15947.41024;6001187;2.81326;1177543;0.55201;192;0.00009
107;20/02/2021;Brazil;TOTAL;TOTAL;1031;246023;52370;10142933;245977;10139148;11533177;475484964;2426;9070505;4549147;34146745;16007.46434;6054262;2.83814;1251201;0.58654;193;0.00009
108;21/02/2021;Brazil;TOTAL;TOTAL;606;246629;29483;10172416;246504;10168174;11561585;476867082;2424;9095692;4549147;34175241;16020.82283;6090376;2.85507;1288434;0.60400;194;0.00009
108;22/02/2021;Brazil;TOTAL;TOTAL;711;247340;31830;10204246;247143;10195160;11594916;478359223;2424;9108205;4755382;34184282;16025.06111;6217962;2.91488;1409292;0.66065;196;0.00009
108;23/02/2021;Brazil;TOTAL;TOTAL;1358;248698;63564;10267810;248529;10257875;11658576;481339005;2422;9189903;4755382;34308759;16083.41399;6315259;2.96050;1548283;0.72581;196;0.00009
108;24/02/2021;Brazil;TOTAL;TOTAL;1446;250144;65377;10333187;249957;10324463;11726363;484403777;2421;9214337;4755382;34326575;16091.76586;6390478;2.99576;1706771;0.80011;196;0.00009
108;25/02/2021;Brazil;TOTAL;TOTAL;1575;251719;68275;10401462;251498;10390461;11800196;487604403;2420;9270500;4755382;34460303;16154.45547;6525126;3.05888;1863288;0.87348;213;0.00010
108;26/02/2021;Brazil;TOTAL;TOTAL;1343;253062;63384;10464846;252835;10455630;11863154;490575747;2418;9309568;4755382;34539560;16191.60992;6617022;3.10196;1987907;0.93190;214;0.00010
108;27/02/2021;Brazil;TOTAL;TOTAL;1252;254314;58413;10523259;254221;10517232;11921846;493314057;2417;9372546;4755382;34704162;16268.77279;6740530;3.15986;2016169;0.94515;214;0.00010
109;28/02/2021;Brazil;TOTAL;TOTAL;772;255086;33361;10556620;254942;10551259;11958036;494877969;2416;9382316;4755382;34725552;16278.80009;6767836;3.17266;2023405;0.94854;214;0.00010
109;01/03/2021;Brazil;TOTAL;TOTAL;826;255912;40372;10596992;255720;10587001;11996758;496770546;2415;9437611;4845160;34765380;16297.47083;7095772;3.32639;2150130;1.00795;215;0.00010
109;02/03/2021;Brazil;TOTAL;TOTAL;1721;257633;59684;10656676;257361;10646926;12077435;499568439;2418;9506263;4845160;36714837;17211.34603;7410337;3.47385;2303292;1.07975;216;0.00010
109;03/03/2021;Brazil;TOTAL;TOTAL;1846;259479;72893;10729569;259271;10718630;12163973;502985550;2418;9548315;4845160;36792787;17247.88778;7776078;3.64530;2479739;1.16246;217;0.00010
109;04/03/2021;Brazil;TOTAL;TOTAL;1806;261285;75996;10805565;260970;10793732;12248635;506548125;2418;9605983;4845160;36898125;17297.26861;8033606;3.76603;2634001;1.23478;217;0.00010
109;05/03/2021;Brazil;TOTAL;TOTAL;1713;262998;72493;10878058;262770;10869227;12328938;509946484;2418;9656255;4845160;36976780;17334.14085;8281676;3.88232;2795701;1.31058;217;0.00010
109;06/03/2021;Brazil;TOTAL;TOTAL;1489;264487;66901;10944959;264325;10938836;12398740;513082699;2417;9686024;4845160;36992037;17341.29309;8466297;3.96887;2866480;1.34376;217;0.00010
110;07/03/2021;Brazil;TOTAL;TOTAL;1098;265585;81684;11026643;265411;11019344;12450213;516911918;2409;9739464;5073647;37105304;17394.39091;8550598;4.00839;2897212;1.35817;217;0.00010
110;08/03/2021;Brazil;TOTAL;TOTAL;1118;266703;36568;11063211;266398;11051665;12502623;518626169;2411;9827355;5073647;37177496;17428.23340;8821527;4.13540;3031170;1.42097;219;0.00010
110;09/03/2021;Brazil;TOTAL;TOTAL;1949;268652;71285;11134496;268370;11122429;12593989;521967900;2413;9878566;5073647;37258191;17466.06196;9060486;4.24742;3172596;1.48726;219;0.00010
110;10/03/2021;Brazil;TOTAL;TOTAL;2379;271031;81458;11215954;270656;11202305;12705513;525786524;2416;9921994;5073647;37330968;17500.17869;9297385;4.35847;3350041;1.57045;219;0.00010
110;11/03/2021;Brazil;TOTAL;TOTAL;2194;273225;77059;11293013;272889;11277717;12808364;529398931;2419;9984822;5073647;37428587;17545.94096;9568211;4.48543;3498694;1.64013;276;0.00013
110;12/03/2021;Brazil;TOTAL;TOTAL;2122;275347;82464;11375477;275105;11363380;12907840;533264715;2421;10047968;5073647;37655071;17652.11315;9812190;4.59980;3658167;1.71489;349;0.00016
110;13/03/2021;Brazil;TOTAL;TOTAL;1955;277302;70343;11445820;277102;11439558;12999488;536562286;2423;10084820;5073647;37786476;17713.71377;9941566;4.66045;3741856;1.75412;476;0.00022
111;14/03/2021;Brazil;TOTAL;TOTAL;1069;278371;43445;11489265;278229;11483370;13049601;538598920;2423;10140570;5115676;37823393;17731.01989;9989213;4.68279;3757029;1.76124;478;0.00022
111;15/03/2021;Brazil;TOTAL;TOTAL;1332;279703;44299;11533564;279286;11519609;13112043;540675588;2425;10196596;5115676;37907905;17770.63780;10409072;4.87961;3862885;1.81086;655;0.00031
111;16/03/2021;Brazil;TOTAL;TOTAL;2848;282551;85630;11619194;282127;11603535;13245553;544689790;2432;10261154;5115676;38009513;17818.27006;10723506;5.02701;3979834;1.86568;814;0.00038
111;17/03/2021;Brazil;TOTAL;TOTAL;2661;285212;88640;11707834;284775;11693838;13370296;548845096;2436;10327440;5167353;38117808;17869.03707;11022213;5.16704;4097003;1.92061;1001;0.00047
111;18/03/2021;Brazil;TOTAL;TOTAL;2723;287935;87918;11795752;287499;11780820;13497946;552966555;2441;10384673;5167353;38237629;17925.20730;11345737;5.31871;4199813;1.96881;1126;0.00053
111;19/03/2021;Brazil;TOTAL;TOTAL;2654;290589;88090;11883842;290314;11871390;13622362;557096078;2445;10438487;5167353;38331495;17969.21023;11916399;5.58622;4280477;2.00662;1256;0.00059
111;20/03/2021;Brazil;TOTAL;TOTAL;2369;292958;73299;11957141;292752;11950459;13733417;560532221;2450;10477084;5167353;38402854;18002.66222;12153768;5.69750;4310096;2.02051;1288;0.00060
112;21/03/2021;Brazil;TOTAL;TOTAL;1246;294204;47441;12004582;294042;11998233;13791827;562756182;2451;10525118;5222718;38414595;18008.16622;12230244;5.73335;4328788;2.02927;1288;0.00060
112;22/03/2021;Brazil;TOTAL;TOTAL;1601;295805;55963;12060545;295425;12047526;13866880;565379640;2453;10620775;5222718;38533309;18063.81750;12713229;5.95976;4420680;2.07235;1408;0.00066
112;23/03/2021;Brazil;TOTAL;TOTAL;3147;298952;85188;12145733;298676;12130019;14014406;569373122;2461;10669490;5222718;38602870;18096.42662;13190572;6.18354;4510309;2.11436;1486;0.00070
112;24/03/2021;Brazil;TOTAL;TOTAL;2316;301268;90892;12236625;300685;12220011;14122976;573633998;2462;10750131;5222718;38771509;18175.48196;13811174;6.47446;4642599;2.17638;1547;0.00073
112;25/03/2021;Brazil;TOTAL;TOTAL;2651;303919;98246;12334871;303462;12320169;14247251;578239618;2464;10808499;5430111;38845418;18210.12936;14523255;6.80828;4753183;2.22822;1580;0.00074
112;26/03/2021;Brazil;TOTAL;TOTAL;3510;307429;80338;12415209;307112;12404414;14411795;582005738;2476;10886792;5430111;41765747;19579.13429;15449212;7.24235;4858016;2.27736;1601;0.00075
112;27/03/2021;Brazil;TOTAL;TOTAL;3406;310835;81692;12496901;310550;12490362;14571463;585835333;2487;10948382;5430111;41827329;19608.00297;15808639;7.41084;4891621;2.29312;1619;0.00076
113;28/03/2021;Brazil;TOTAL;TOTAL;1581;312416;46955;12543856;312206;12534688;14645577;588036510;2491;11004281;5430111;41879940;19632.66620;16032102;7.51560;4914947;2.30405;1619;0.00076
113;29/03/2021;Brazil;TOTAL;TOTAL;2012;314428;42606;12586462;313866;12573615;14739897;590033813;2498;11024911;5441421;41912110;19647.74699;16815642;7.88291;5042161;2.36369;1645;0.00077
113;30/03/2021;Brazil;TOTAL;TOTAL;3653;318081;86426;12672888;317646;12658109;14911144;594085330;2510;11085369;5441421;41971077;19675.38981;17432139;8.17192;5164690;2.42113;1654;0.00078
113;31/03/2021;Brazil;TOTAL;TOTAL;3924;322005;88713;12761601;321515;12748747;15095095;598244058;2523;11181371;5441421;42090429;19731.34017;18152566;8.50964;5306324;2.48752;1667;0.00078
113;01/04/2021;Brazil;TOTAL;TOTAL;3652;325657;87759;12849360;325284;12839844;15266295;602358064;2534;11240213;5441421;42168722;19768.04272;19023992;8.91815;5451987;2.55581;1680;0.00079
113;02/04/2021;Brazil;TOTAL;TOTAL;2801;328458;69371;12918731;328206;12910082;15397602;605610069;2542;11280022;5441421;42240982;19801.91708;19292331;9.04395;5490834;2.57402;1692;0.00079
113;03/04/2021;Brazil;TOTAL;TOTAL;1909;330367;39350;12958081;330193;12953597;15487092;607454736;2550;11327510;5479755;42250568;19806.41085;19585002;9.18115;5550049;2.60178;1699;0.00080
114;04/04/2021;Brazil;TOTAL;TOTAL;1242;331609;32314;12990395;331433;12984956;15545316;608969566;2553;11366672;5479755;42290951;19825.34178;19868128;9.31387;5596114;2.62337;1699;0.00080
114;05/04/2021;Brazil;TOTAL;TOTAL;1909;333518;42665;13033060;332752;13013601;15634806;610969635;2559;11405558;5479755;42349570;19852.82145;20426450;9.57560;5828591;2.73235;1734;0.00081
114;06/04/2021;Brazil;TOTAL;TOTAL;4065;337583;85120;13118180;336947;13100580;15825367;614959928;2573;11459548;5479755;42419408;19885.56042;21163565;9.92115;6100016;2.85959;1778;0.00083
114;07/04/2021;Brazil;TOTAL;TOTAL;3671;341254;88676;13206856;340776;13193205;15997458;619116922;2584;11610627;5479755;42591815;19966.38215;21805470;10.22207;6306137;2.95622;1794;0.00084
114;08/04/2021;Brazil;TOTAL;TOTAL;4146;345400;88538;13295394;345025;13279857;16191816;623267446;2598;11668734;5482171;42676465;20006.06476;22484502;10.54039;6598439;3.09325;1807;0.00085
114;09/04/2021;Brazil;TOTAL;TOTAL;3751;349151;88097;13383491;348718;13373174;16367657;627397296;2609;11725248;5482171;42741642;20036.61873;22921482;10.74524;7090280;3.32381;1813;0.00085
114;10/04/2021;Brazil;TOTAL;TOTAL;2378;351529;66537;13450028;351334;13445006;16479134;630516448;2614;11739649;5482171;42741642;20036.61873;23334052;10.93864;7227772;3.38827;1819;0.00085
115;11/04/2021;Brazil;TOTAL;TOTAL;1857;353386;39173;13489201;353137;13482023;16566187;632352817;2620;11878958;5482171;42839236;20082.36928;23534620;11.03266;7294873;3.41972;1821;0.00085
115;12/04/2021;Brazil;TOTAL;TOTAL;1709;355095;39640;13528841;354617;13517808;16646303;634211079;2625;11897429;5482171;42869592;20096.59970;24186588;11.33830;7655107;3.58860;1830;0.00086
115;13/04/2021;Brazil;TOTAL;TOTAL;3754;358849;82640;13611481;358425;13599994;16822284;638085114;2636;12004591;5482171;42964671;20141.17126;24748488;11.60171;7988748;3.74500;1834;0.00086
115;14/04/2021;Brazil;TOTAL;TOTAL;3444;362293;74584;13686065;361884;13673507;16983734;641581496;2647;12052283;5514677;42986801;20151.54546;25280429;11.85107;8389340;3.93279;1834;0.00086
115;15/04/2021;Brazil;TOTAL;TOTAL;3491;365784;71176;13757241;365444;13746681;17147386;644918117;2659;12123308;5514677;43050813;20181.55329;25756818;12.07440;8814874;4.13228;1835;0.00086
115;16/04/2021;Brazil;TOTAL;TOTAL;3337;369121;84374;13841615;368749;13832455;17303820;648873439;2667;12173458;5514677;43152651;20229.29337;26076390;12.22421;9459241;4.43435;1836;0.00086
115;17/04/2021;Brazil;TOTAL;TOTAL;2877;371998;68555;13910170;371678;13900091;17438689;652087191;2674;12212890;5514677;43172148;20238.43326;26305021;12.33139;9742322;4.56705;1836;0.00086
116;18/04/2021;Brazil;TOTAL;TOTAL;1521;373519;38834;13949004;373335;13943071;17509991;653907669;2678;12303538;5514677;43239204;20269.86807;26419160;12.38489;9814936;4.60109;1836;0.00086
116;19/04/2021;Brazil;TOTAL;TOTAL;1756;375275;36507;13985511;374682;13973695;17592310;655619060;2683;12346828;5514677;43246224;20273.15894;26885797;12.60364;10370337;4.86145;1837;0.00086
116;20/04/2021;Brazil;TOTAL;TOTAL;3345;378620;72628;14058139;378003;14043076;17749118;659023748;2693;12425791;5514677;43364614;20328.65833;27377674;12.83423;10868518;5.09499;1837;0.00086
116;21/04/2021;Brazil;TOTAL;TOTAL;3196;381816;73982;14132121;381475;14122795;17898942;662491910;2702;12436210;5514677;43385777;20338.57922;27742769;13.00538;11072933;5.19082;1838;0.00086
116;22/04/2021;Brazil;TOTAL;TOTAL;2051;383867;48101;14180222;383502;14167973;17995089;664746810;2707;12530970;5514677;43486715;20385.89739;28118736;13.18163;11543333;5.41134;1838;0.00086
116;23/04/2021;Brazil;TOTAL;TOTAL;3042;386909;69277;14249499;386416;14237078;18137694;667994408;2715;12593957;5514677;43538104;20409.98776;29038640;13.61286;12443776;5.83345;1839;0.00086
116;24/04/2021;Brazil;TOTAL;TOTAL;2766;389675;63774;14313273;389492;14308215;18267360;670984034;2722;12606011;5514677;43538104;20409.98776;29223769;13.69965;12662457;5.93596;1839;0.00086
117;25/04/2021;Brazil;TOTAL;TOTAL;1334;391009;33639;14346912;390797;14340787;18329895;672560978;2725;12614559;5514677;43539837;20410.80016;29276343;13.72430;12728879;5.96710;1839;0.00086
117;26/04/2021;Brazil;TOTAL;TOTAL;1380;392389;32387;14379299;391936;14369423;18394588;674079231;2729;12707500;5514677;43559085;20419.82332;29816426;13.97748;13335822;6.25163;1839;0.00086
117;27/04/2021;Brazil;TOTAL;TOTAL;3081;395470;75827;14455126;395022;14441563;18539020;677633883;2736;12816963;5514677;43748615;20508.67205;30472317;14.28495;14162647;6.63923;1840;0.00086
117;28/04/2021;Brazil;TOTAL;TOTAL;3007;398477;77268;14532394;398185;14521289;18679984;681256087;2742;12854947;5514677;43775323;20521.19234;30952357;14.50998;14782827;6.92996;1844;0.00086
117;29/04/2021;Brazil;TOTAL;TOTAL;3032;401509;68603;14600997;401186;14590678;18822119;684472089;2750;12960529;5514677;43821152;20542.67627;31478088;14.75644;15333064;7.18790;1845;0.00086
117;30/04/2021;Brazil;TOTAL;TOTAL;2860;404369;72000;14672997;403781;14659011;18956191;687847337;2756;13007565;5514677;43957543;20606.61425;31918680;14.96298;15844406;7.42761;1848;0.00087
117;01/05/2021;Brazil;TOTAL;TOTAL;2239;406608;58289;14731286;406437;14725975;19061152;690579835;2760;13044347;6199251;43991474;20622.52058;32046805;15.02305;15968798;7.48592;1849;0.00087
118;02/05/2021;Brazil;TOTAL;TOTAL;1265;407873;29287;14760573;407639;14754910;19120454;691952764;2763;13083550;6199251;46437617;21769.23447;32222879;15.10559;16005216;7.50300;1851;0.00087
118;03/05/2021;Brazil;TOTAL;TOTAL;1125;408998;38971;14799544;408622;14779529;19173192;693779664;2764;13135143;6199251;46515675;21805.82685;32680022;15.31989;16432900;7.70349;1851;0.00087
118;04/05/2021;Brazil;TOTAL;TOTAL;2979;411977;69530;14869074;411588;14856888;19312843;697039123;2771;13170561;6199251;46546245;21820.15759;33283393;15.60274;16864957;7.90603;1851;0.00087
118;05/05/2021;Brazil;TOTAL;TOTAL;2770;414747;76366;14945440;414399;14930183;19442696;700619043;2775;13254660;6199251;46623449;21856.34963;33968856;15.92407;17225254;8.07493;1854;0.00087
118;06/05/2021;Brazil;TOTAL;TOTAL;2535;417282;72281;15017721;416949;15003563;19561533;704007464;2779;13285589;6199251;46675867;21880.92237;34902080;16.36155;17501317;8.20435;1858;0.00087
118;07/05/2021;Brazil;TOTAL;TOTAL;2184;419466;76830;15094551;419114;15082449;19663915;707609135;2779;13400075;6199251;46822608;21949.71228;35596026;16.68686;17776236;8.33322;1860;0.00087
118;08/05/2021;Brazil;TOTAL;TOTAL;2080;421546;61749;15156300;421316;15145879;19761423;710503832;2781;13422047;6199251;46834128;21955.11268;35814357;16.78921;17850198;8.36790;1861;0.00087
119;09/05/2021;Brazil;TOTAL;TOTAL;922;422468;32720;15189020;422340;15184790;19804644;712037695;2781;13457400;6199251;46886139;21979.49463;35870764;16.81566;17876103;8.38004;1861;0.00087
119;10/05/2021;Brazil;TOTAL;TOTAL;1111;423579;36287;15225307;423229;15209990;19856726;713738773;2782;13481062;6199251;46901500;21986.69562;36485491;17.10383;18218972;8.54077;1864;0.00087
119;11/05/2021;Brazil;TOTAL;TOTAL;2244;425823;70082;15295389;425540;15282705;19961922;717024109;2784;13592463;6199251;46933781;22001.82846;37071677;17.37863;18519017;8.68143;1867;0.00088
119;12/05/2021;Brazil;TOTAL;TOTAL;2581;428404;76237;15371626;428034;15359397;20082915;720597981;2787;13627986;6199251;46981303;22024.10603;37816946;17.72800;18795392;8.81099;1868;0.00088
119;13/05/2021;Brazil;TOTAL;TOTAL;2277;430681;80018;15451644;430417;15433989;20189657;724349101;2787;13662690;6199251;47012314;22038.64351;38349928;17.97785;18930172;8.87417;1870;0.00088
119;14/05/2021;Brazil;TOTAL;TOTAL;2187;432868;77910;15529554;432628;15519525;20292180;728001401;2787;13703280;6199251;47041452;22052.30295;38952701;18.26042;19109798;8.95838;1870;0.00088
119;15/05/2021;Brazil;TOTAL;TOTAL;2001;434869;67348;15596902;434715;15586534;20385984;731158571;2788;13764520;6395973;47073060;22067.12029;39191828;18.37252;19212287;9.00642;1874;0.00088
120;16/05/2021;Brazil;TOTAL;TOTAL;1060;435929;37559;15634461;435751;15627475;20435675;732919278;2788;13765469;6395973;47073060;22067.12029;39369758;18.45593;19296987;9.04613;1874;0.00088
120;17/05/2021;Brazil;TOTAL;TOTAL;1084;437013;35584;15670045;436537;15657391;20486492;734587401;2789;13862615;6395973;47116589;22087.52601;39961191;18.73319;19563009;9.17084;1876;0.00088
120;18/05/2021;Brazil;TOTAL;TOTAL;2451;439464;74799;15744844;439050;15732836;20601391;738093862;2791;13957814;6395973;48852865;22901.46527;40557385;19.01267;19832862;9.29734;1876;0.00088
120;19/05/2021;Brazil;TOTAL;TOTAL;2499;441963;80257;15825101;441691;15812055;20718540;741856186;2793;14045321;6395973;48940425;22942.51203;41125491;19.27899;20040133;9.39450;1876;0.00088
120;20/05/2021;Brazil;TOTAL;TOTAL;2510;444473;83378;15908479;444094;15894094;20836205;745764817;2794;14084873;6395973;48986473;22964.09862;41812653;19.60112;20324286;9.52771;1883;0.00088
120;21/05/2021;Brazil;TOTAL;TOTAL;2126;446599;76621;15985100;446309;15970949;20935868;749356691;2794;14103800;6395973;49013934;22976.97191;42390055;19.87180;20585863;9.65033;1883;0.00088
120;22/05/2021;Brazil;TOTAL;TOTAL;1726;448325;67893;16052993;448208;16047439;21016781;752539409;2793;14132443;6395973;49046902;22992.42680;42609906;19.97486;20705991;9.70665;1884;0.00088
121;23/05/2021;Brazil;TOTAL;TOTAL;889;449214;38490;16091483;449068;16083258;21058455;754343761;2792;14132443;6395973;49046902;22992.42680;43196516;20.24986;20930183;9.81175;1884;0.00088
121;24/05/2021;Brazil;TOTAL;TOTAL;861;450075;37466;16128949;449858;16120756;21098818;756100109;2790;14190644;6395973;49072172;23004.27298;43721132;20.49579;21224014;9.94949;1887;0.00088
121;25/05/2021;Brazil;TOTAL;TOTAL;2183;452258;74026;16202975;452031;16194209;21201153;759570333;2791;14231991;6395973;49076549;23006.32485;44232454;20.73549;21519177;10.08786;1887;0.00088
121;26/05/2021;Brazil;TOTAL;TOTAL;2463;454721;80231;16283206;454429;16274695;21316615;763331437;2793;14310683;6395973;49081279;23008.54220;44744459;20.97551;21750092;10.19611;1887;0.00088
121;27/05/2021;Brazil;TOTAL;TOTAL;2101;456822;64520;16347726;456674;16342162;21415107;766356035;2794;14455810;6395973;49353004;23135.92267;45228177;21.20227;21959719;10.29438;1889;0.00089
121;28/05/2021;Brazil;TOTAL;TOTAL;2425;459247;53875;16401601;459045;16391930;21528787;768881611;2800;14492701;6395973;49384362;23150.62281;46007036;21.56738;22203681;10.40874;1896;0.00089
121;29/05/2021;Brazil;TOTAL;TOTAL;1939;461186;75861;16477462;461057;16471600;21619684;772437857;2799;14540507;6395973;49403998;23159.82787;46306587;21.70781;22278959;10.44403;1899;0.00089
122;30/05/2021;Brazil;TOTAL;TOTAL;913;462099;41447;16518909;461931;16515120;21662484;774380828;2797;14544785;6395973;49410095;23162.68604;46385885;21.74498;22309800;10.45849;1902;0.00089
122;31/05/2021;Brazil;TOTAL;TOTAL;965;463064;36599;16555508;462791;16545554;21707722;776096533;2797;14586009;6655234;49495703;23202.81775;47021991;22.04318;22451301;10.52482;1903;0.00089
122;01/06/2021;Brazil;TOTAL;TOTAL;2332;465396;78904;16634412;465199;16624480;21817043;779795430;2798;14722192;6655234;49569793;23237.54999;47627660;22.32711;22661443;10.62333;1908;0.00089
122;02/06/2021;Brazil;TOTAL;TOTAL;2507;467903;96270;16730682;467706;16720081;21934567;784308418;2797;14765156;6655234;49631233;23266.35211;48582786;22.77486;22947743;10.75755;1932;0.00091
122;03/06/2021;Brazil;TOTAL;TOTAL;1913;469816;76061;16806743;469388;16803472;22024245;787874040;2795;14818184;6655234;49765330;23329.21470;49046839;22.99240;23031492;10.79681;1938;0.00091
122;04/06/2021;Brazil;TOTAL;TOTAL;1191;471007;43168;16849911;470842;16841408;22080077;789897689;2795;14874923;6655234;49857892;23372.60633;49684272;23.29122;23095495;10.82681;1942;0.00091
122;05/06/2021;Brazil;TOTAL;TOTAL;1670;472677;61660;16911571;472531;16907425;22158365;792788214;2795;14944069;6655234;49878944;23382.47518;50191277;23.52889;23179676;10.86627;1946;0.00091
123;06/06/2021;Brazil;TOTAL;TOTAL;880;473557;40343;16951914;473404;16947062;22199618;794679431;2794;15002817;6655234;49939952;23411.07479;50384506;23.61947;23209508;10.88026;1951;0.00091
123;07/06/2021;Brazil;TOTAL;TOTAL;1149;474706;39701;16991615;474414;16984218;22253481;796540552;2794;15022649;6655234;50029606;23453.10319;51087585;23.94907;23311429;10.92804;1960;0.00092
123;08/06/2021;Brazil;TOTAL;TOTAL;2647;477353;55703;17047318;476792;17037129;22377568;799151823;2800;15059712;6655234;50073330;23473.60032;52205050;24.47292;23487857;11.01074;1973;0.00092
123;09/06/2021;Brazil;TOTAL;TOTAL;2389;479742;84846;17132164;479515;17122877;22489561;803129271;2800;15154101;6655234;50127012;23498.76561;53277689;24.97575;23615375;11.07052;1979;0.00093
123;10/06/2021;Brazil;TOTAL;TOTAL;2501;482243;91231;17223395;482019;17210969;22606804;807406039;2800;15211176;6655234;50191122;23528.81939;54305523;25.45759;23727765;11.12321;2047;0.00096
123;11/06/2021;Brazil;TOTAL;TOTAL;2176;484419;86306;17309701;484235;17296118;22708811;811451931;2799;15260459;6655234;50245852;23554.47596;55458519;25.99809;23846061;11.17866;2047;0.00096
123;12/06/2021;Brazil;TOTAL;TOTAL;1974;486393;73760;17383461;486272;17374818;22801349;814909685;2798;15300271;6655234;50485241;23666.69781;56082538;26.29062;23884111;11.19650;2047;0.00096
124;13/06/2021;Brazil;TOTAL;TOTAL;1119;487512;36982;17420443;487401;17412766;22853806;816643344;2799;15401424;6655234;50801841;23815.11498;56403706;26.44118;23906617;11.20705;2051;0.00096
124;14/06/2021;Brazil;TOTAL;TOTAL;1019;488531;42685;17463128;488228;17452612;22901575;818644350;2797;15469067;6655234;50835875;23831.06959;57471235;26.94162;23975227;11.23921;2074;0.00097
124;15/06/2021;Brazil;TOTAL;TOTAL;2683;491214;87119;17550247;490696;17533221;23027350;822728354;2799;15519955;6655234;50893819;23858.23284;58758537;27.54509;24081010;11.28880;2127;0.00100
124;16/06/2021;Brazil;TOTAL;TOTAL;2700;493914;86519;17636766;493693;17628588;23153922;826784230;2800;15587562;6655234;50951461;23885.25451;60060884;28.15561;24162038;11.32679;2196;0.00103
124;17/06/2021;Brazil;TOTAL;TOTAL;2314;496228;76465;17713231;496004;17702630;23262399;830368791;2801;15660614;6929736;52726489;24717.36011;62217932;29.16680;24300880;11.39188;2379;0.00112
124;18/06/2021;Brazil;TOTAL;TOTAL;2475;498703;95432;17808663;498499;17801462;23378423;834842495;2800;15687189;6929736;52781423;24743.11231;63852264;29.93295;24420458;11.44793;2558;0.00120
124;19/06/2021;Brazil;TOTAL;TOTAL;2205;500908;77930;17886593;500800;17883750;23481790;838495733;2800;15745463;6929736;52818761;24760.61579;64744486;30.35121;24492749;11.48182;2722;0.00128
125;20/06/2021;Brazil;TOTAL;TOTAL;1031;501939;44581;17931174;501825;17927928;23530122;840585621;2799;15745463;6929736;52818761;24760.61579;65176731;30.55384;24514458;11.49200;2734;0.00128
125;21/06/2021;Brazil;TOTAL;TOTAL;981;502920;45396;17976570;502586;17966831;23576109;842713715;2798;15834314;6929736;52820657;24761.50460;66498448;31.17344;24634850;11.54844;2920;0.00137
125;22/06/2021;Brazil;TOTAL;TOTAL;2103;505023;124239;18100809;504717;18054653;23674695;848537846;2790;15985625;6929736;52977109;24834.84687;67735474;31.75334;24771270;11.61239;3254;0.00153
125;23/06/2021;Brazil;TOTAL;TOTAL;2265;507288;77384;18178193;507109;18169881;23780874;852165488;2791;16009391;6929736;53008201;24849.42232;68991818;32.34229;24930130;11.68686;3603;0.00169
125;24/06/2021;Brazil;TOTAL;TOTAL;2038;509326;76610;18254803;509141;18243483;23876413;855756846;2790;16038230;6929736;53057848;24872.69606;70234807;32.92499;25246955;11.83538;4105;0.00192
125;25/06/2021;Brazil;TOTAL;TOTAL;2007;511333;75050;18329853;511142;18322760;23970498;859275074;2790;16136175;6929736;53196856;24937.86086;71508496;33.52207;25431563;11.92192;14383;0.00674
125;26/06/2021;Brazil;TOTAL;TOTAL;1516;512849;60662;18390515;512735;18386894;24041566;862118814;2789;16146608;6929736;53202943;24940.71435;72163060;33.82892;25488639;11.94868;70842;0.03321
126;27/06/2021;Brazil;TOTAL;TOTAL;720;513569;31978;18422493;513474;18420598;24075318;863617893;2788;16160826;6929736;53209627;24943.84770;72380250;33.93074;25504188;11.95597;102889;0.04823
126;28/06/2021;Brazil;TOTAL;TOTAL;714;514283;32049;18454542;514092;18448402;24108789;865120301;2787;16240380;6929736;53286135;24979.71347;73195993;34.31315;25638452;12.01891;286957;0.13452
126;29/06/2021;Brazil;TOTAL;TOTAL;1938;516221;65948;18520490;515985;18513305;24199640;868211841;2787;16277785;6929736;53320295;24995.72715;74570994;34.95773;25914430;12.14828;501125;0.23492
126;30/06/2021;Brazil;TOTAL;TOTAL;2063;518284;47128;18567618;518066;18557141;24296350;870421128;2791;16306372;6929736;53327474;24999.09255;75653853;35.46535;26100179;12.23536;619863;0.29058
126;01/07/2021;Brazil;TOTAL;TOTAL;1932;520216;61119;18628737;520095;18622304;24386919;873286292;2793;16477253;6929736;53971507;25301.00523;76721747;35.96596;26305954;12.33182;718363;0.33676
126;02/07/2021;Brazil;TOTAL;TOTAL;1875;522091;63565;18692302;521952;18687469;24474816;876266121;2793;16509821;6929736;54003112;25315.82116;77912380;36.52412;26491236;12.41868;842227;0.39482
126;03/07/2021;Brazil;TOTAL;TOTAL;1635;523726;53729;18746031;523587;18742025;24551462;878784853;2794;16524100;6929736;54021950;25324.65213;78439069;36.77102;26574196;12.45757;918535;0.43059
127;04/07/2021;Brazil;TOTAL;TOTAL;771;524497;25460;18771491;524417;18769808;24587606;879978378;2794;16582483;6929736;54128041;25374.38594;78701024;36.89382;26617306;12.47778;948036;0.44442
127;05/07/2021;Brazil;TOTAL;TOTAL;787;525284;27929;18799420;525112;18792511;24624499;881287646;2794;16675561;6929736;54146861;25383.20847;79846004;37.43057;26894631;12.60779;1034957;0.48517
127;06/07/2021;Brazil;TOTAL;TOTAL;1757;527041;61672;18861092;526892;18855015;24706864;884178734;2794;16740136;7614414;54178005;25397.80829;80928485;37.93802;27130766;12.71848;1279390;0.59976
127;07/07/2021;Brazil;TOTAL;TOTAL;1584;528625;54146;18915238;528540;18909037;24781120;886717015;2795;16763522;7614414;54204686;25410.31593;82049424;38.46350;27365735;12.82863;1696298;0.79520
127;08/07/2021;Brazil;TOTAL;TOTAL;1727;530352;54134;18969372;530179;18962762;24862079;889254732;2796;16796161;7614414;54226282;25420.43980;83054186;38.93451;27671788;12.97210;2024256;0.94894
127;09/07/2021;Brazil;TOTAL;TOTAL;1472;531824;58440;19027812;531688;19020499;24931084;891994309;2795;16823301;7614414;54242687;25428.13021;83963770;39.36091;27875404;13.06756;2322374;1.08869
127;10/07/2021;Brazil;TOTAL;TOTAL;1157;532981;44115;19071927;532893;19069003;24985322;894062352;2795;16983333;7614414;54395937;25499.97143;84546364;39.63402;28050556;13.14967;2501776;1.17279
128;11/07/2021;Brazil;TOTAL;TOTAL;564;533545;19144;19091071;533488;19089940;25011762;894959793;2795;17001043;7614414;54402249;25502.93040;84798718;39.75232;28120270;13.18235;2586860;1.21268
128;12/07/2021;Brazil;TOTAL;TOTAL;779;534324;19211;19110282;534233;19106971;25048280;895860375;2796;17014796;7614414;54472957;25536.07721;85646641;40.14982;28439355;13.33193;2733883;1.28160
128;13/07/2021;Brazil;TOTAL;TOTAL;1658;535982;48551;19158833;535838;19151993;25126005;898136370;2798;17037027;7614414;54522599;25559.34861;86545536;40.57120;28833237;13.51657;2916754;1.36733
128;14/07/2021;Brazil;TOTAL;TOTAL;1535;537517;56089;19214922;537394;19209729;25197963;900765736;2797;17128429;7614414;54522599;25559.34861;87432570;40.98703;29326695;13.74790;3089314;1.44822
128;15/07/2021;Brazil;TOTAL;TOTAL;1609;539126;54382;19269304;538942;19262518;25273391;903315079;2798;17141848;7614414;54555012;25574.54332;88324348;41.40508;29508521;13.83314;3524015;1.65200
128;16/07/2021;Brazil;TOTAL;TOTAL;1389;540515;42903;19312207;540398;19308109;25338505;905326305;2799;17252650;7614414;54673618;25630.14398;89212784;41.82157;30019411;14.07263;3644912;1.70868
128;17/07/2021;Brazil;TOTAL;TOTAL;1271;541786;49029;19361236;541266;19342448;25398087;907624709;2798;17254329;7614414;54677459;25631.94458;89819329;42.10591;30284069;14.19670;3716863;1.74241
129;18/07/2021;Brazil;TOTAL;TOTAL;481;542267;16742;19377978;542214;19376574;25420636;908409548;2798;17304814;7614414;54732334;25657.66913;89986618;42.18433;30328599;14.21758;3741213;1.75382
129;19/07/2021;Brazil;TOTAL;TOTAL;668;542935;16743;19394721;542756;19391845;25451951;909194434;2799;17356265;7614414;54743490;25662.89888;91129378;42.72004;30757704;14.41873;3811967;1.78699
129;20/07/2021;Brazil;TOTAL;TOTAL;1379;544314;31134;19425855;544180;19419437;25516596;910653947;2802;17371065;7614414;54786381;25683.00552;92381239;43.30689;31338391;14.69095;3912368;1.83406
129;21/07/2021;Brazil;TOTAL;TOTAL;1400;545714;55828;19481683;545604;19473954;25582226;913271077;2801;17404495;7614414;54794279;25686.70798;93512900;43.83740;32049212;15.02417;3981503;1.86647
129;22/07/2021;Brazil;TOTAL;TOTAL;1430;547144;48673;19530356;547016;19523711;25649262;915552792;2802;17470332;7614414;54891331;25732.20445;94602526;44.34820;32885235;15.41609;4039425;1.89362
129;23/07/2021;Brazil;TOTAL;TOTAL;1291;548435;107104;19637460;548340;19632443;25709782;920573662;2793;17475091;7614414;54891331;25732.20445;95925985;44.96861;33340621;15.62957;4079831;1.91256
129;24/07/2021;Brazil;TOTAL;TOTAL;1080;549515;34647;19672107;549448;19670534;25760411;922197859;2793;17656625;7614414;54976702;25772.22505;96564988;45.26817;33610072;15.75588;4107276;1.92543
130;25/07/2021;Brazil;TOTAL;TOTAL;479;549994;18255;19690362;549924;19688663;25782866;923053625;2793;17702038;7614414;55034463;25799.30251;96757966;45.35863;33717852;15.80641;4117778;1.93035
130;26/07/2021;Brazil;TOTAL;TOTAL;625;550619;21433;19711795;550502;19707662;25812165;924058371;2793;17704701;7614414;55034721;25799.42346;97612047;45.75901;34227225;16.04519;4154429;1.94753
130;27/07/2021;Brazil;TOTAL;TOTAL;1289;551908;43583;19755378;551835;19749073;25872591;926101474;2794;17737677;7614414;55034721;25799.42346;98588962;46.21698;34896306;16.35885;4189825;1.96412
130;28/07/2021;Brazil;TOTAL;TOTAL;1372;553280;47040;19802418;553179;19797086;25936908;928306637;2794;17742532;7614414;55034721;25799.42346;99528292;46.65732;35693981;16.73278;4249350;1.99203
130;29/07/2021;Brazil;TOTAL;TOTAL;1340;554620;41316;19843734;554497;19839369;25999725;930243467;2795;17771228;7614414;55055559;25809.19199;100315833;47.02651;36424210;17.07510;4293278;2.01262
130;30/07/2021;Brazil;TOTAL;TOTAL;883;555503;40365;19884099;555460;19880273;26041119;932135715;2794;17771228;7614414;55055559;25809.19199;101425251;47.54658;37142897;17.41201;4325927;2.02793
130;31/07/2021;Brazil;TOTAL;TOTAL;949;556452;35083;19919182;556370;19917855;26085607;933780352;2794;17771228;7614414;55055559;25809.19199;102009213;47.82034;37506701;17.58256;4339633;2.03435
131;01/08/2021;Brazil;TOTAL;TOTAL;415;556867;20352;19939534;556834;19938358;26105061;934734422;2793;17771228;7614414;55055559;25809.19199;102219404;47.91887;37591562;17.62234;4343151;2.03600
131;02/08/2021;Brazil;TOTAL;TOTAL;544;557411;18861;19958395;557223;19953501;26130563;935618596;2793;17771228;7614414;55055559;25809.19199;102963042;48.26748;38159388;17.88853;4368963;2.04810
131;03/08/2021;Brazil;TOTAL;TOTAL;1236;558647;32479;19990874;558432;19985817;26188505;937141162;2795;17771228;7614414;55055559;25809.19199;104067439;48.78520;38775741;18.17747;4389581;2.05777
131;04/08/2021;Brazil;TOTAL;TOTAL;1072;559719;40528;20031402;559607;20026533;26238758;939041051;2794;17771228;7614414;55055559;25809.19199;105557919;49.48391;39704781;18.61299;4419495;2.07179
131;05/08/2021;Brazil;TOTAL;TOTAL;1126;560845;39479;20070881;560706;20066587;26291544;940891766;2794;18102750;7614414;55592668;26060.98036;106643388;49.99277;40332783;18.90738;4442428;2.08254
131;06/08/2021;Brazil;TOTAL;TOTAL;957;561802;42662;20113543;561762;20108746;26336406;942891694;2793;18105601;7614414;55592668;26060.98036;107708000;50.49184;40994780;19.21772;4467453;2.09427
131;07/08/2021;Brazil;TOTAL;TOTAL;999;562801;39530;20153073;562752;20151779;26383238;944744799;2793;18110264;7614414;55592668;26060.98036;108188040;50.71687;41293696;19.35784;4470085;2.09551
132;08/08/2021;Brazil;TOTAL;TOTAL;389;563190;13893;20166966;563151;20165672;26401474;945396081;2793;18119872;7614414;55633393;26080.07161;108393983;50.81342;41432232;19.42279;4472346;2.09657
132;09/08/2021;Brazil;TOTAL;TOTAL;507;563697;15533;20182499;563562;20177757;26425241;946124244;2793;18157841;7614414;55633393;26080.07161;109271077;51.22459;42047595;19.71126;4488071;2.10394
132;10/08/2021;Brazil;TOTAL;TOTAL;1268;564965;35459;20217958;564773;20212642;26484683;947786507;2794;18514882;7614414;55985277;26245.02937;110735371;51.91102;42857898;20.09112;4503286;2.11107
132;11/08/2021;Brazil;TOTAL;TOTAL;1044;566009;35438;20253396;565748;20245085;26533624;949447786;2795;18516963;7614414;55985277;26245.02937;112098379;52.54998;43521149;20.40204;4514945;2.11654
132;12/08/2021;Brazil;TOTAL;TOTAL;1016;567025;35851;20289247;566896;20285067;26581252;951128425;2795;18539696;7614414;56023684;26263.03397;113599066;53.25348;44237956;20.73807;4537071;2.12691
132;13/08/2021;Brazil;TOTAL;TOTAL;892;567917;32991;20322238;567862;20319000;26623068;952674992;2795;18562458;7614414;56023684;26263.03397;114979881;53.90078;44999235;21.09494;4556133;2.13584
132;14/08/2021;Brazil;TOTAL;TOTAL;912;568829;29296;20351534;568788;20350142;26665821;954048343;2795;18583449;7614414;56023684;26263.03397;115917224;54.34020;45436185;21.29978;4573649;2.14406
133;15/08/2021;Brazil;TOTAL;TOTAL;389;569218;13766;20365300;569058;20364099;26684057;954693672;2795;18583449;7614414;56023684;26263.03397;116261846;54.50175;45529197;21.34338;4579343;2.14672
133;16/08/2021;Brazil;TOTAL;TOTAL;410;569628;18175;20383475;569492;20378570;26703277;955545687;2795;18620928;7614414;56057235;26278.76216;117418614;55.04402;46457545;21.77858;4585459;2.14959
133;17/08/2021;Brazil;TOTAL;TOTAL;1094;570722;38993;20422468;570598;20416183;26754562;957373619;2795;18620928;7614414;56057235;26278.76216;119202307;55.88019;47630718;22.32854;4607680;2.16001
133;18/08/2021;Brazil;TOTAL;TOTAL;989;571711;40162;20462630;571662;20457897;26800925;959256351;2794;18791874;7614414;56580445;26524.03489;120254192;56.37330;48493314;22.73291;4613798;2.16288
133;19/08/2021;Brazil;TOTAL;TOTAL;1022;572733;36008;20498638;572641;20494212;26848835;960944350;2794;18807883;7958935;56580445;26524.03489;121662577;57.03353;49534725;23.22111;4622903;2.16715
133;20/08/2021;Brazil;TOTAL;TOTAL;894;573627;34206;20532844;573511;20528099;26890744;962547874;2794;18815811;7958935;56580445;26524.03489;122758871;57.54745;50431004;23.64127;4629410;2.17020
133;21/08/2021;Brazil;TOTAL;TOTAL;611;574238;25320;20558164;574209;20556487;26919387;963734837;2793;18825310;7958935;56617857;26541.57306;123356529;57.82763;50848678;23.83707;4636371;2.17346
134;22/08/2021;Brazil;TOTAL;TOTAL;333;574571;13944;20572108;574527;20570891;26934997;964388510;2793;18837669;7958935;56617857;26541.57306;123617179;57.94982;50992219;23.90436;4641013;2.17563
134;23/08/2021;Brazil;TOTAL;TOTAL;417;574988;15642;20587750;574848;20583994;26954545;965121783;2793;18910110;7958935;56636459;26550.29339;124742933;58.47755;51815817;24.29045;4648864;2.17932
134;24/08/2021;Brazil;TOTAL;TOTAL;860;575848;31808;20619558;575742;20614866;26994861;966612892;2793;18916057;7958935;56636459;26550.29339;126138029;59.13155;52823463;24.76282;4656160;2.18274
134;25/08/2021;Brazil;TOTAL;TOTAL;887;576735;29960;20649518;576645;20645537;27036442;968017371;2793;19021197;7958935;56873550;26661.43797;127437586;59.74076;53808468;25.22458;4661733;2.18535
134;26/08/2021;Brazil;TOTAL;TOTAL;870;577605;30919;20680437;577565;20676561;27077226;969466805;2793;19021197;7958935;56873550;26661.43797;128317038;60.15304;54601288;25.59624;4666349;2.18751
134;27/08/2021;Brazil;TOTAL;TOTAL;818;578423;27752;20708189;578326;20703906;27115573;970767776;2793;19021197;7958935;56873550;26661.43797;129299627;60.61366;55534743;26.03383;4680774;2.19427
134;28/08/2021;Brazil;TOTAL;TOTAL;627;579050;22944;20731133;579010;20728605;27144966;971843355;2793;19021197;7958935;56873550;26661.43797;129951495;60.91924;56182369;26.33742;4684664;2.19610
135;29/08/2021;Brazil;TOTAL;TOTAL;278;579328;11263;20742396;579308;20741815;27157998;972371347;2793;19045086;7958935;56897224;26672.53597;130288151;61.07706;56430160;26.45358;4687578;2.19746
135;30/08/2021;Brazil;TOTAL;TOTAL;317;579645;12796;20755192;579574;20752281;27172858;972971204;2793;19048665;7958935;56897224;26672.53597;131176707;61.49361;57175772;26.80311;4683761;2.19567
135;31/08/2021;Brazil;TOTAL;TOTAL;880;580525;26837;20782029;580413;20776870;27214111;974229281;2793;19076806;7958935;56897224;26672.53597;132569409;62.14648;58500594;27.42417;4687895;2.19761
135;01/09/2021;Brazil;TOTAL;TOTAL;696;581221;25740;20807769;581150;20804215;27246739;975435932;2793;19114195;7958935;56897224;26672.53597;133517290;62.59083;59574212;27.92747;4693458;2.20022
135;02/09/2021;Brazil;TOTAL;TOTAL;782;582003;27021;20834790;581914;20830495;27283398;976702635;2793;19138604;7958935;56968977;26706.17267;134332434;62.97296;60740768;28.47433;4699185;2.20291
135;03/09/2021;Brazil;TOTAL;TOTAL;740;582743;23604;20858394;582670;20856060;27318088;977809153;2794;19243454;7958935;57095219;26765.35296;135075692;63.32139;61927793;29.03079;4706884;2.20651
135;04/09/2021;Brazil;TOTAL;TOTAL;637;583380;20323;20878717;583362;20877864;27347949;978761864;2794;19243454;7958935;57095219;26765.35296;135452788;63.49817;62598142;29.34504;4710243;2.20809
136;05/09/2021;Brazil;TOTAL;TOTAL;271;583651;12659;20891376;583628;20890779;27360653;979355298;2794;19246432;7958935;57095219;26765.35296;135619742;63.57643;62818569;29.44837;4711693;2.20877
136;06/09/2021;Brazil;TOTAL;TOTAL;220;583871;10171;20901547;583810;20899933;27370967;979832099;2793;19246432;7958935;57095219;26765.35296;136395528;63.94011;63532030;29.78283;4714696;2.21018
136;07/09/2021;Brazil;TOTAL;TOTAL;327;584198;13603;20915150;584171;20913578;27386296;980469787;2793;19246432;7958935;57095219;26765.35296;136615117;64.04305;63831395;29.92317;4717128;2.21132
136;08/09/2021;Brazil;TOTAL;TOTAL;249;584447;14181;20929331;584421;20928008;27397969;981134570;2792;19295628;7958935;57198050;26813.55854;137222960;64.32799;65009622;30.47550;4720543;2.21292
136;09/09/2021;Brazil;TOTAL;TOTAL;824;585271;32820;20962151;585174;20958899;27436597;982673121;2792;19296570;7958935;57198050;26813.55854;137948925;64.66832;66540202;31.19301;4724545;2.21479
136;10/09/2021;Brazil;TOTAL;TOTAL;636;585907;16453;20978604;585846;20974850;27466411;983444412;2793;19297240;7958935;57198050;26813.55854;138783405;65.05951;68122170;31.93462;4726307;2.21562
136;11/09/2021;Brazil;TOTAL;TOTAL;668;586575;13758;20992362;586558;20989164;27497726;984089365;2794;19430448;7958935;57282520;26853.15676;139190331;65.25027;68957618;32.32626;4729351;2.21705
137;12/09/2021;Brazil;TOTAL;TOTAL;299;586874;7861;21000223;586851;20999779;27511743;984457877;2795;19430746;7958935;57282520;26853.15676;139363152;65.33128;69240293;32.45878;4733374;2.21893
137;13/09/2021;Brazil;TOTAL;TOTAL;283;587157;8646;21008869;587066;21006424;27525009;984863188;2795;19457113;7958935;57282520;26853.15676;139802262;65.53713;70271436;32.94216;4736272;2.22029
137;14/09/2021;Brazil;TOTAL;TOTAL;678;587835;13569;21022438;587797;21019830;27556793;985499282;2796;19469445;7958935;57282520;26853.15676;140446058;65.83893;71723658;33.62294;4741604;2.22279
137;15/09/2021;Brazil;TOTAL;TOTAL;801;588636;13275;21035713;588597;21034610;27594343;986121593;2798;19469445;7958935;57282520;26853.15676;141083418;66.13772;72896994;34.17298;4745526;2.22463
137;16/09/2021;Brazil;TOTAL;TOTAL;663;589299;35446;21071159;589240;21069017;27625423;987783247;2797;19476181;7958935;57282520;26853.15676;141536512;66.35012;73893667;34.64020;4749727;2.22660
137;17/09/2021;Brazil;TOTAL;TOTAL;638;589937;35333;21106492;589573;21080219;27655331;989439603;2795;19511081;7958935;57282520;26853.15676;142269383;66.69368;75433347;35.36198;4756330;2.22969
137;18/09/2021;Brazil;TOTAL;TOTAL;586;590523;124876;21231368;590508;21230325;27682802;995293596;2781;19511081;7958935;57282520;26853.15676;142610899;66.85378;76107426;35.67798;4758931;2.23091
138;19/09/2021;Brazil;TOTAL;TOTAL;248;590771;9173;21240541;590752;21239783;27694428;995723612;2781;19524335;7958935;57282520;26853.15676;142780225;66.93315;76334086;35.78424;4759605;2.23123
138;20/09/2021;Brazil;TOTAL;TOTAL;265;591036;9283;21249824;590955;21247667;27706851;996158785;2781;19524335;7958935;57282520;26853.15676;143134036;67.09902;77091124;36.13912;4761186;2.23197
138;21/09/2021;Brazil;TOTAL;TOTAL;673;591709;15375;21265199;591440;21247094;27738400;996879541;2783;19695242;7958935;57303260;26862.87935;143665481;67.34815;78287112;36.69978;4763797;2.23319
138;22/09/2021;Brazil;TOTAL;TOTAL;665;592374;32582;21297781;592316;21283567;27769574;998406934;2781;19695242;7958935;57303260;26862.87935;144139698;67.57045;79466411;37.25262;4768787;2.23553
138;23/09/2021;Brazil;TOTAL;TOTAL;629;593003;24911;21322692;592964;21308178;27799061;999574723;2781;19933931;7958935;57303974;26863.21406;144666016;67.81718;80685973;37.82433;4773053;2.23753
138;24/09/2021;Brazil;TOTAL;TOTAL;680;593683;18660;21341352;593663;21327616;27830938;1000449475;2782;20110498;7958935;57303974;26863.21406;145137451;68.03819;81941333;38.41283;4776007;2.23892
138;25/09/2021;Brazil;TOTAL;TOTAL;540;594223;13859;21355211;594200;21343304;27856252;1001099164;2783;20110498;7958935;57303974;26863.21406;145522998;68.21892;82602103;38.72258;4776970;2.23937
139;26/09/2021;Brazil;TOTAL;TOTAL;266;594489;8856;21364067;594443;21351972;27868722;1001514319;2783;20117070;7958935;57303974;26863.21406;145695638;68.29985;82909923;38.86689;4777493;2.23961
139;27/09/2021;Brazil;TOTAL;TOTAL;194;594683;9337;21373404;594653;21366395;27877817;1001952023;2782;20126015;7958935;57303974;26863.21406;145989456;68.43759;83620522;39.20000;4779691;2.24064
139;28/09/2021;Brazil;TOTAL;TOTAL;817;595500;16877;21390281;595446;21381790;27916116;1002743191;2784;20142893;7958935;57303974;26863.21406;146486537;68.67062;84882104;39.79141;4782418;2.24192
139;29/09/2021;Brazil;TOTAL;TOTAL;681;596181;16883;21407164;596122;21399546;27948040;1003534640;2785;20144826;7958935;57522913;26965.84927;146976511;68.90031;86061044;40.34408;4785856;2.24354
139;30/09/2021;Brazil;TOTAL;TOTAL;608;596789;21948;21429112;596749;21427073;27976543;1004563528;2785;20144826;7958935;57522913;26965.84927;147506619;69.14881;87256425;40.90446;4787472;2.24429
139;01/10/2021;Brazil;TOTAL;TOTAL;490;597279;18051;21447163;597255;21445651;27999513;1005409731;2785;20156712;7958935;57522913;26965.84927;147966023;69.36418;88531694;41.50228;4793599;2.24716
139;02/10/2021;Brazil;TOTAL;TOTAL;454;597733;12386;21459549;597723;21459117;28020796;1005990367;2785;20229934;7958935;57522913;26965.84927;148220675;69.48355;89181211;41.80677;4795687;2.24814
140;03/10/2021;Brazil;TOTAL;TOTAL;226;597959;9153;21468702;597948;21468121;28031390;1006419446;2785;20229934;7958935;57522913;26965.84927;148325259;69.53258;89399635;41.90916;4795956;2.24827
140;04/10/2021;Brazil;TOTAL;TOTAL;204;598163;11517;21480219;598152;21478546;28040954;1006959345;2785;20234013;7958935;57522913;26965.84927;148555431;69.64048;90048374;42.21328;4797983;2.24922
140;05/10/2021;Brazil;TOTAL;TOTAL;684;598847;22137;21502356;598829;21499074;28073018;1007997093;2785;20286951;7958935;57522913;26965.84927;148933397;69.81767;90818250;42.57419;4798535;2.24948
140;06/10/2021;Brazil;TOTAL;TOTAL;570;599417;18543;21520899;599359;21516967;28099739;1008866360;2785;20300073;7958935;57522913;26965.84927;149306674;69.99265;91913813;43.08777;4799479;2.24992
140;07/10/2021;Brazil;TOTAL;TOTAL;427;599844;14610;21535509;599810;21532558;28119756;1009551254;2785;20404163;7958935;57522913;26965.84927;149685785;70.17037;92951850;43.57439;4800238;2.25028
140;08/10/2021;Brazil;TOTAL;TOTAL;630;600474;18531;21554040;600425;21550730;28149290;1010419959;2786;20413341;7958935;57522913;26965.84927;149990466;70.31320;94038302;44.08370;4801916;2.25106
140;09/10/2021;Brazil;TOTAL;TOTAL;416;600890;14803;21568843;600829;21567181;28168791;1011113900;2786;20431714;7958935;57522913;26965.84927;150154770;70.39023;94628282;44.36027;4803635;2.25187
141;10/10/2021;Brazil;TOTAL;TOTAL;151;601041;8412;21577255;601011;21575820;28175870;1011508242;2786;20435245;7958935;57522913;26965.84927;150258549;70.43888;95060781;44.56302;4806815;2.25336
141;11/10/2021;Brazil;TOTAL;TOTAL;207;601248;6992;21584247;601213;21582738;28185574;1011836016;2786;20435245;7958935;57522913;26965.84927;150543685;70.57254;95621019;44.82565;4808649;2.25422
141;12/10/2021;Brazil;TOTAL;TOTAL;175;601423;7355;21591602;601398;21590097;28193777;1012180807;2785;20444836;7958935;64511151;30241.82684;150653610;70.62408;95848001;44.93206;4809725;2.25472
141;13/10/2021;Brazil;TOTAL;TOTAL;205;601628;8367;21599969;601574;21597949;28203387;1012573039;2785;20462980;7958935;64511151;30241.82684;150756929;70.67251;96406529;45.19389;4807744;2.25380
141;14/10/2021;Brazil;TOTAL;TOTAL;571;602199;15224;21615193;602099;21612237;28230155;1013286717;2786;20512698;7958935;64552183;30261.06200;151478284;71.01067;97799208;45.84675;4809191;2.25447
141;15/10/2021;Brazil;TOTAL;TOTAL;507;602706;14290;21629483;602669;21627476;28253922;1013956610;2787;20514830;7958935;64552183;30261.06200;151960830;71.23688;99074497;46.44459;4811092;2.25537
141;16/10/2021;Brazil;TOTAL;TOTAL;465;603171;9759;21639242;603152;21638726;28275721;1014414096;2787;20515652;7958935;64552183;30261.06200;152247868;71.37144;99831364;46.79939;4815068;2.25723
142;17/10/2021;Brazil;TOTAL;TOTAL;128;603299;6185;21645427;603282;21644464;28281721;1014704040;2787;20515652;7958935;64552183;30261.06200;152346646;71.41774;100125423;46.93725;4820051;2.25957
142;18/10/2021;Brazil;TOTAL;TOTAL;202;603501;9316;21654743;603465;21651910;28291191;1015140759;2787;20515652;7958935;64552183;30261.06200;152467703;71.47449;100614355;47.16645;4820912;2.25997
142;19/10/2021;Brazil;TOTAL;TOTAL;379;603880;13227;21667970;603855;21664879;28308958;1015760820;2787;20515652;7958935;64552183;30261.06200;152777319;71.61964;101720740;47.68510;4839357;2.26862
142;20/10/2021;Brazil;TOTAL;TOTAL;398;604278;15705;21683675;604228;21680488;28327615;1016497046;2787;20515652;7958935;64552183;30261.06200;153198083;71.81688;102936781;48.25517;4845445;2.27147
142;21/10/2021;Brazil;TOTAL;TOTAL;466;604744;16983;21700658;604679;21697341;28349461;1017293183;2787;20517502;7958935;64552183;30261.06200;153345920;71.88619;103548222;48.54180;4846280;2.27186
142;22/10/2021;Brazil;TOTAL;TOTAL;447;605191;13395;21714053;605139;21711843;28370415;1017921120;2787;20575135;7958935;64552183;30261.06200;153536171;71.97538;104339585;48.91278;4848818;2.27305
142;23/10/2021;Brazil;TOTAL;TOTAL;350;605541;11905;21725958;605457;21723559;28386823;1018479208;2787;20575135;7958935;64552183;30261.06200;153663135;72.03489;104760568;49.11013;4848855;2.27307
143;24/10/2021;Brazil;TOTAL;TOTAL;119;605660;4536;21730494;605644;21729763;28392401;1018691849;2787;20575135;7958935;64552183;30261.06200;153835021;72.11547;105273222;49.35045;4850618;2.27389
143;25/10/2021;Brazil;TOTAL;TOTAL;207;605867;7825;21738319;605804;21735560;28402105;1019058672;2787;20575135;7958935;64552183;30261.06200;154112229;72.24542;106884985;50.10602;4854775;2.27584
143;26/10/2021;Brazil;TOTAL;TOTAL;403;606270;13343;21751662;606246;21748984;28420997;1019684172;2787;20582469;7958935;64552183;30261.06200;154459458;72.40820;107931260;50.59650;4851963;2.27452
143;27/10/2021;Brazil;TOTAL;TOTAL;435;606705;17116;21768778;606679;21766168;28441389;1020486543;2787;20604992;7958935;64552183;30261.06200;154724938;72.53265;109010907;51.10262;4854041;2.27550
143;28/10/2021;Brazil;TOTAL;TOTAL;373;607078;13685;21782463;607068;21781436;28458875;1021128075;2787;20604992;7958935;64552183;30261.06200;154996595;72.66000;109989274;51.56127;4853946;2.27545
143;29/10/2021;Brazil;TOTAL;TOTAL;408;607486;12679;21795142;607462;21793401;28478001;1021722446;2787;20720214;7958935;64750853;30354.19542;155228462;72.76869;110925894;52.00034;4855880;2.27636
143;30/10/2021;Brazil;TOTAL;TOTAL;216;607702;10012;21805154;607694;21804094;28488127;1022191794;2787;20720360;7958935;64750853;30354.19542;155331332;72.81692;111252433;52.15341;4856587;2.27669
144;31/10/2021;Brazil;TOTAL;TOTAL;133;607835;6130;21811284;607824;21810855;28494362;1022479158;2787;20720360;7958935;64750853;30354.19542;155399513;72.84888;111464012;52.25260;4857645;2.27719
144;01/11/2021;Brazil;TOTAL;TOTAL;103;607938;4625;21815909;607922;21814693;28499190;1022695971;2787;20723210;7958935;64750853;30354.19542;155441226;72.86844;111633244;52.33193;4857871;2.27729
144;02/11/2021;Brazil;TOTAL;TOTAL;152;608090;5918;21821827;608071;21821124;28506316;1022973398;2787;20740939;7958935;64750853;30354.19542;155477490;72.88544;111744887;52.38427;4857941;2.27733
144;03/11/2021;Brazil;TOTAL;TOTAL;190;608280;16300;21838127;608235;21835785;28515223;1023737517;2785;20741445;7958935;64750853;30354.19542;155596734;72.94134;112376818;52.68051;4859363;2.27799
144;04/11/2021;Brazil;TOTAL;TOTAL;434;608714;13246;21851373;608671;21849137;28535568;1024358469;2786;20741445;7958935;64750853;30354.19542;155857431;73.06355;113310710;53.11830;4861101;2.27881
144;05/11/2021;Brazil;TOTAL;TOTAL;382;609096;12991;21864364;609060;21862458;28553476;1024967466;2786;20743121;7958935;64750853;30354.19542;156142049;73.19697;114614400;53.72945;4854495;2.27571
144;06/11/2021;Brazil;TOTAL;TOTAL;303;609399;11173;21875537;609388;21874324;28567680;1025491239;2786;20743121;7958935;64750853;30354.19542;156232064;73.23917;115033631;53.92598;4854833;2.27587
145;07/11/2021;Brazil;TOTAL;TOTAL;70;609469;5661;21881198;609447;21880439;28570961;1025756618;2785;20743121;7958935;64750853;30354.19542;156506153;73.36766;115248446;54.02668;4857737;2.27723
145;08/11/2021;Brazil;TOTAL;TOTAL;120;609589;6875;21888073;609573;21886077;28576587;1026078908;2785;20747506;7958935;64755932;30356.57637;156738057;73.47637;116192099;54.46905;4861372;2.27894
145;09/11/2021;Brazil;TOTAL;TOTAL;208;609797;11809;21899882;609756;21897025;28586337;1026632495;2784;20747506;7958935;64755932;30356.57637;156961638;73.58118;117065109;54.87831;4866371;2.28128
145;10/11/2021;Brazil;TOTAL;TOTAL;268;610065;14980;21914862;610036;21909298;28598901;1027334734;2784;20747506;7958935;64755932;30356.57637;157188513;73.68754;117962076;55.29879;4868450;2.28225
145;11/11/2021;Brazil;TOTAL;TOTAL;240;610305;15538;21930400;610224;21924598;28610152;1028063132;2783;20747506;7958935;64755932;30356.57637;157460950;73.81525;118919781;55.74775;4871048;2.28347
145;12/11/2021;Brazil;TOTAL;TOTAL;621;610926;14596;21944996;610491;21939196;28639263;1028747370;2784;20747506;7958935;64755932;30356.57637;157505174;73.83598;119723808;56.12466;4871817;2.28383
145;13/11/2021;Brazil;TOTAL;TOTAL;307;611233;9358;21954354;611222;21953838;28653655;1029186058;2784;20747506;7958935;64755932;30356.57637;157572317;73.86746;120166125;56.33202;4873104;2.28444
146;14/11/2021;Brazil;TOTAL;TOTAL;65;611298;4301;21958655;611283;21957967;28656702;1029387682;2784;20747506;7958935;64755932;30356.57637;157664891;73.91086;120406157;56.44454;4873130;2.28445
146;15/11/2021;Brazil;TOTAL;TOTAL;70;611368;2743;21961398;611346;21960766;28659983;1029516270;2784;20748960;7958935;64755932;30356.57637;157728055;73.94047;120744854;56.60331;4873376;2.28456
146;16/11/2021;Brazil;TOTAL;TOTAL;142;611510;6564;21967962;611478;21965684;28666640;1029823980;2784;20803039;7958935;64755932;30356.57637;157779564;73.96461;121181363;56.80794;4874098;2.28490
146;17/11/2021;Brazil;TOTAL;TOTAL;377;611887;13112;21981074;611851;21977661;28684313;1030438650;2784;20803039;7958935;64755932;30356.57637;158005576;74.07056;122216850;57.29336;4875014;2.28533
146;18/11/2021;Brazil;TOTAL;TOTAL;272;612159;11401;21992475;612144;21989962;28697064;1030973111;2783;20815777;7958935;64755932;30356.57637;158143605;74.13527;122886325;57.60720;4875600;2.28561
146;19/11/2021;Brazil;TOTAL;TOTAL;236;612395;12371;22004846;612370;22003317;28708128;1031553045;2783;20815965;7958935;64755932;30356.57637;158292931;74.20527;123611126;57.94698;4880041;2.28769
146;20/11/2021;Brazil;TOTAL;TOTAL;208;612603;8216;22013062;612587;22012150;28717878;1031938198;2783;20815965;7958935;64755932;30356.57637;158424869;74.26712;124082506;58.16795;4880574;2.28794
147;21/11/2021;Brazil;TOTAL;TOTAL;96;612699;5088;22018150;612659;22017276;28722379;1032176716;2783;20822375;7958935;64755932;30356.57637;158547085;74.32441;124428861;58.33032;4881209;2.28824
147;22/11/2021;Brazil;TOTAL;TOTAL;126;612825;4609;22022759;612782;22019870;28728285;1032392778;2783;20827596;7958935;65182444;30556.51858;158687350;74.39017;125055152;58.62392;4882578;2.28888
147;23/11/2021;Brazil;TOTAL;TOTAL;294;613119;12426;22035185;613066;22030182;28742068;1032975290;2782;20829656;7958935;65182444;30556.51858;158834400;74.45910;125745408;58.94750;4883144;2.28914
147;24/11/2021;Brazil;TOTAL;TOTAL;270;613389;12245;22047430;613339;22043112;28754725;1033549317;2782;20866854;7958935;65191446;30560.73858;158939087;74.50818;126428739;59.26783;4883742;2.28942
147;25/11/2021;Brazil;TOTAL;TOTAL;288;613677;12275;22059705;613642;22055238;28768226;1034124750;2782;20866854;7958935;65191446;30560.73858;159064028;74.56675;126923222;59.49964;4882764;2.28896
147;26/11/2021;Brazil;TOTAL;TOTAL;305;613982;10871;22070576;613957;22067630;28782524;1034634365;2782;20866854;7958935;65191446;30560.73858;159268013;74.66237;127617958;59.82532;4880876;2.28808
147;27/11/2021;Brazil;TOTAL;TOTAL;227;614209;7869;22078445;614186;22076863;28793165;1035003252;2782;20866854;7958935;65191446;30560.73858;159330812;74.69181;127877281;59.94689;4881160;2.28821
148;28/11/2021;Brazil;TOTAL;TOTAL;80;614289;3536;22081981;614278;22080906;28796915;1035169014;2782;20866854;7958935;65191446;30560.73858;159385492;74.71745;128082439;60.04306;4903907;2.29888
148;29/11/2021;Brazil;TOTAL;TOTAL;118;614407;4489;22086470;614376;22084749;28802447;1035379451;2782;20866854;7958935;65191446;30560.73858;159455782;74.75040;128461830;60.22091;4902914;2.29841
148;30/11/2021;Brazil;TOTAL;TOTAL;326;614733;10299;22096769;614681;22094459;28817729;1035862252;2782;20866854;7958935;65191446;30560.73858;159618145;74.82651;129083126;60.51217;4906067;2.29989
148;01/12/2021;Brazil;TOTAL;TOTAL;268;615001;12265;22109034;614964;22105872;28830293;1036437217;2782;21041635;7958935;65380088;30649.17102;159844609;74.93267;129802251;60.84928;4908898;2.30122
148;02/12/2021;Brazil;TOTAL;TOTAL;196;615197;11928;22120962;615179;22118782;28839481;1036996383;2781;21041635;7958935;65380088;30649.17102;159971137;74.99199;130484397;61.16906;4910450;2.30194
148;03/12/2021;Brazil;TOTAL;TOTAL;234;615431;10620;22131582;615400;22129409;28850451;1037494232;2781;21041635;7958935;65380088;30649.17102;160133508;75.06810;131592809;61.68867;4912391;2.30285
148;04/12/2021;Brazil;TOTAL;TOTAL;146;615577;7406;22138988;615570;22138247;28857295;1037841414;2781;21041915;7958935;65380088;30649.17102;160216881;75.10719;131979338;61.86987;4913519;2.30338
149;05/12/2021;Brazil;TOTAL;TOTAL;71;615648;4692;22143680;615636;22143091;28860623;1038061367;2780;21041915;7958935;65380088;30649.17102;160262766;75.12870;132053277;61.90453;4913288;2.30327
149;06/12/2021;Brazil;TOTAL;TOTAL;132;615780;6015;22149695;615744;22147476;28866811;1038343341;2780;21041915;7958935;65380088;30649.17102;160275646;75.13474;132501599;62.11469;4914173;2.30369
149;07/12/2021;Brazil;TOTAL;TOTAL;261;616041;10133;22159828;616018;22157726;28879046;1038818360;2780;21041915;7958935;65380088;30649.17102;160379320;75.18334;133043639;62.36879;4914550;2.30386
149;08/12/2021;Brazil;TOTAL;TOTAL;239;616280;10132;22169960;616251;22167781;28890250;1039293333;2780;21041915;7958935;65380088;30649.17102;160467478;75.22466;133385915;62.52925;4913661;2.30345
149;09/12/2021;Brazil;TOTAL;TOTAL;199;616479;8751;22178711;616457;22177059;28899579;1039703566;2780;21041915;7958935;65380088;30649.17102;160580377;75.27759;134055362;62.84307;4914173;2.30369
149;10/12/2021;Brazil;TOTAL;TOTAL;228;616707;7063;22185774;616691;22184824;28910267;1040034669;2780;21041915;7958935;65380088;30649.17102;160678223;75.32346;134404749;63.00686;4958731;2.32458
149;11/12/2021;Brazil;TOTAL;TOTAL;53;616760;2684;22188458;616744;22188179;28912752;1040160490;2780;21041915;7958935;65380088;30649.17102;160696993;75.33226;134467929;63.03648;4959898;2.32512
150;12/12/2021;Brazil;TOTAL;TOTAL;82;616842;1615;22190073;616830;22189867;28916596;1040236199;2780;21041915;7958935;65380088;30649.17102;160709209;75.33798;134498939;63.05102;4960520;2.32541
150;13/12/2021;Brazil;TOTAL;TOTAL;45;616887;2770;22192843;616878;22191949;28918706;1040366052;2780;21041915;7958935;65380088;30649.17102;160549031;75.26290;134854190;63.21755;4961039;2.32566
150;14/12/2021;Brazil;TOTAL;TOTAL;113;617000;4372;22197215;616970;22195775;28924003;1040571005;2780;21041915;7958935;65380088;30649.17102;160592056;75.28306;135263180;63.40928;4914927;2.30404
150;15/12/2021;Brazil;TOTAL;TOTAL;298;617298;5075;22202290;617271;22201221;28937973;1040808913;2780;21041915;7958935;65380088;30649.17102;160791369;75.37650;136010612;63.75966;4915674;2.30439
150;16/12/2021;Brazil;TOTAL;TOTAL;123;617421;3659;22205949;617395;22204941;28943739;1040980441;2780;21041915;7958935;65380088;30649.17102;160933856;75.44330;136278329;63.88517;4916176;2.30463
150;17/12/2021;Brazil;TOTAL;TOTAL;198;617619;4360;22210309;617601;22209020;28953021;1041184831;2781;21041915;7958935;65380088;30649.17102;161046851;75.49627;136511135;63.99430;4916884;2.30496
150;18/12/2021;Brazil;TOTAL;TOTAL;138;617757;2381;22212690;617754;22212343;28959490;1041296449;2781;21041915;7958935;65380088;30649.17102;161061525;75.50314;136571713;64.02270;4917137;2.30508
151;19/12/2021;Brazil;TOTAL;TOTAL;55;617812;1458;22214148;617803;22213762;28962068;1041364798;2781;21057998;7958935;65497639;30704.27711;161069896;75.50707;136583563;64.02826;4917171;2.30509
151;20/12/2021;Brazil;TOTAL;TOTAL;83;617895;2638;22216786;617873;22215856;28965959;1041488463;2781;21057998;7958935;65497639;30704.27711;161121503;75.53126;136794883;64.12732;4918138;2.30555
151;21/12/2021;Brazil;TOTAL;TOTAL;71;617966;3730;22220516;617948;22219477;28969287;1041663320;2781;21057998;7958935;65497639;30704.27711;161200234;75.56817;137001892;64.22436;4921560;2.30715
151;22/12/2021;Brazil;TOTAL;TOTAL;149;618115;3422;22223938;618091;22222928;28976272;1041823738;2781;21057998;7958935;65497639;30704.27711;161470455;75.69484;137452502;64.43560;4932212;2.31214
151;23/12/2021;Brazil;TOTAL;TOTAL;128;618243;3717;22227655;618228;22226573;28982273;1041997985;2781;21057998;7958935;65497639;30704.27711;161525979;75.72087;137884503;64.63812;4933489;2.31274
151;24/12/2021;Brazil;TOTAL;TOTAL;164;618407;4028;22231683;618392;22230737;28989961;1042186811;2782;21057998;7958935;65497639;30704.27711;161540928;75.72788;137679887;64.54220;4933591;2.31279
151;25/12/2021;Brazil;TOTAL;TOTAL;47;618454;3222;22234905;618424;22234626;28992164;1042337854;2781;21057998;7958935;65497639;30704.27711;161540935;75.72788;137679916;64.54221;4933592;2.31279
152;26/12/2021;Brazil;TOTAL;TOTAL;25;618479;4962;22239867;618448;22239436;28993336;1042570465;2781;21058966;7958935;65497639;30704.27711;161550657;75.73244;137692959;64.54832;4933597;2.31279
152;27/12/2021;Brazil;TOTAL;TOTAL;80;618559;8114;22247981;618534;22246276;28997086;1042950836;2780;21058966;7958935;65497639;30704.27711;161581379;75.74684;137828758;64.61198;4934313;2.31313
152;28/12/2021;Brazil;TOTAL;TOTAL;170;618729;8635;22256616;618705;22254706;29005056;1043355632;2780;21058966;8355771;65497639;30704.27711;161689557;75.79756;138026189;64.70454;4935453;2.31366
152;29/12/2021;Brazil;TOTAL;TOTAL;116;618845;9549;22266165;618817;22263834;29010494;1043803274;2779;21059581;8355771;65497639;30704.27711;161768755;75.83468;138338003;64.85071;4936714;2.31425
152;30/12/2021;Brazil;TOTAL;TOTAL;148;618993;12875;22279040;618984;22277239;29017432;1044406834;2778;21059693;8355771;65497639;30704.27711;161808821;75.85347;138451280;64.90381;4938214;2.31496
152;31/12/2021;Brazil;TOTAL;TOTAL;86;619079;9595;22288635;619056;22287521;29021463;1044856633;2778;21186233;8355771;66100617;30986.94384;161817865;75.85770;138486380;64.92027;4938611;2.31514
152;01/01/2022;Brazil;TOTAL;TOTAL;32;619111;3544;22292179;619105;22291507;29022963;1045022770;2777;21186233;8355771;66100617;30986.94384;161821667;75.85949;138491542;64.92269;4938613;2.31515
201;02/01/2022;Brazil;TOTAL;TOTAL;41;619152;2446;22294625;619133;22293228;29024885;1045137435;2777;21186233;8355771;66100617;30986.94384;161828868;75.86286;138512227;64.93238;4938669;2.31517
201;03/01/2022;Brazil;TOTAL;TOTAL;72;619224;12299;22306924;619209;22305078;29028261;1045713993;2776;21186233;8355771;66100617;30986.94384;161857606;75.87633;138636526;64.99065;4939336;2.31548
201;04/01/2022;Brazil;TOTAL;TOTAL;182;619406;18944;22325868;619384;22323837;29036792;1046602058;2774;21186772;8355771;66100617;30986.94384;162047749;75.96547;138806879;65.07051;4940330;2.31595
201;05/01/2022;Brazil;TOTAL;TOTAL;127;619533;28401;22354269;619513;22351104;29042746;1047933453;2771;21186929;8355771;66100617;30986.94384;162094772;75.98751;138920944;65.12398;4942901;2.31716
201;06/01/2022;Brazil;TOTAL;TOTAL;174;619707;46665;22400934;619641;22386930;29050903;1050121036;2766;21187177;8355771;66100617;30986.94384;162152945;76.01479;139045557;65.18240;4943725;2.31754
201;07/01/2022;Brazil;TOTAL;TOTAL;146;619853;53348;22454282;619822;22450222;29057747;1052621907;2761;21187177;8355771;66100617;30986.94384;162192583;76.03337;139310363;65.30654;4946476;2.31883
201;08/01/2022;Brazil;TOTAL;TOTAL;96;619949;48754;22503036;619937;22499525;29062247;1054907419;2755;21187177;8355771;66100617;30986.94384;162220016;76.04623;139377398;65.33796;4947025;2.31909
202;09/01/2022;Brazil;TOTAL;TOTAL;49;619998;24437;22527473;619981;22523907;29064544;1056052988;2752;21187177;8355771;66100617;30986.94384;162231433;76.05158;139407999;65.35231;4947037;2.31909
202;10/01/2022;Brazil;TOTAL;TOTAL;119;620117;34675;22562148;620091;22558695;29070123;1057678498;2748;21188123;8355771;66100617;30986.94384;162324788;76.09534;139747810;65.51161;4948624;2.31984
202;11/01/2022;Brazil;TOTAL;TOTAL;135;620252;73960;22636108;620238;22629460;29076452;1061145628;2740;21188823;8355771;66100617;30986.94384;162374537;76.11866;139881244;65.57416;4954480;2.32258
202;12/01/2022;Brazil;TOTAL;TOTAL;139;620391;89046;22725154;620371;22716931;29082968;1065319966;2730;21189497;8355771;66100617;30986.94384;162375830;76.11927;140016395;65.63751;4955453;2.32304
202;13/01/2022;Brazil;TOTAL;TOTAL;196;620587;97228;22822382;620545;22814917;29092156;1069877864;2719;21195719;8355771;66100617;30986.94384;162435666;76.14732;140261112;65.75223;4956729;2.32364
202;14/01/2022;Brazil;TOTAL;TOTAL;231;620818;108666;22931048;620796;22927203;29102985;1074971958;2707;21195719;8355771;66100617;30986.94384;162469860;76.16335;140383389;65.80956;4957976;2.32422
202;15/01/2022;Brazil;TOTAL;TOTAL;164;620982;47948;22978996;620971;22975723;29110673;1077219686;2702;21207956;8355771;66119400;30995.74902;162510870;76.18257;140471978;65.85108;4960540;2.32542
203;16/01/2022;Brazil;TOTAL;TOTAL;99;621081;34468;23013464;621045;23000657;29115314;1078835492;2699;21222141;8355771;66119400;30995.74902;162690550;76.26681;141299733;66.23912;4965768;2.32788
203;17/01/2022;Brazil;TOTAL;TOTAL;166;621247;77181;23090645;621166;23074791;29123096;1082453617;2690;21222141;8355771;66119400;30995.74902;162921700;76.37517;142212701;66.66711;4967803;2.32883
203;18/01/2022;Brazil;TOTAL;TOTAL;312;621559;133249;23223894;621517;23211894;29137722;1088700124;2676;21408433;8355771;66120342;30996.19062;163000773;76.41223;142548955;66.82474;4971146;2.33040
203;19/01/2022;Brazil;TOTAL;TOTAL;322;621881;203716;23427610;621855;23416748;29152817;1098250014;2654;21428115;8355771;66120342;30996.19062;163135177;76.47524;142711392;66.90089;4973467;2.33148
203;20/01/2022;Brazil;TOTAL;TOTAL;352;622233;169885;23597495;622205;23585243;29169318;1106213959;2637;21428115;8722636;66120342;30996.19062;163323233;76.56340;142998343;67.03540;4990354;2.33940
203;21/01/2022;Brazil;TOTAL;TOTAL;398;622631;172596;23770091;622563;23751782;29187975;1114304992;2619;21428115;8722636;66120342;30996.19062;163446860;76.62135;143176637;67.11899;4991319;2.33985
203;22/01/2022;Brazil;TOTAL;TOTAL;310;622941;162397;23932488;622801;23909175;29202508;1121917911;2603;21428115;8722636;66120342;30996.19062;163640562;76.71216;143484324;67.26323;4991604;2.33999
204;23/01/2022;Brazil;TOTAL;TOTAL;191;623132;120300;24052788;623097;24044255;29211462;1127557389;2591;21428115;8722636;66120342;30996.19062;163675994;76.72877;143519370;67.27965;4991619;2.33999
204;24/01/2022;Brazil;TOTAL;TOTAL;270;623402;93749;24146537;623356;24127595;29224119;1131952196;2582;21473411;8722636;66606202;31223.95425;163930343;76.84800;143873208;67.44553;4992777;2.34054
204;25/01/2022;Brazil;TOTAL;TOTAL;485;623887;201679;24348216;623843;24311317;29246855;1141406595;2562;21476586;8722636;66606202;31223.95425;164063038;76.91021;144092956;67.54854;4992899;2.34059
204;26/01/2022;Brazil;TOTAL;TOTAL;603;624490;218903;24567119;624413;24535884;29275122;1151668428;2542;21479763;8722636;66606202;31223.95425;164447484;77.09043;144192294;67.59511;4999210;2.34355
204;27/01/2022;Brazil;TOTAL;TOTAL;683;625173;230283;24797402;625085;24764838;29307140;1162463738;2521;21479763;8866327;66606202;31223.95425;164790102;77.25104;144450810;67.71630;5007623;2.34750
204;28/01/2022;Brazil;TOTAL;TOTAL;763;625936;259449;25056851;625884;25034806;29342909;1174626305;2498;21488062;8866327;66606202;31223.95425;165144296;77.41708;144604506;67.78835;5022236;2.35435
204;29/01/2022;Brazil;TOTAL;TOTAL;694;626630;200030;25256881;626524;25214622;29375442;1184003401;2481;21488062;8866327;66606202;31223.95425;165360127;77.51826;144667367;67.81782;5023573;2.35497
205;30/01/2022;Brazil;TOTAL;TOTAL;274;626904;103379;25360260;626854;25348797;29388287;1188849648;2472;21488062;8866327;66606202;31223.95425;165399712;77.53682;144680642;67.82404;5023650;2.35501
205;31/01/2022;Brazil;TOTAL;TOTAL;482;627386;109380;25469640;627138;25426744;29410882;1193977213;2463;21651890;8866327;66606202;31223.95425;165862664;77.75384;144810359;67.88485;5025278;2.35577
205;01/02/2022;Brazil;TOTAL;TOTAL;750;628136;168059;25637699;628067;25620209;29446041;1201855558;2450;21829580;8866327;67204366;31504.36425;166153688;77.89027;144919855;67.93618;5026365;2.35628
205;02/02/2022;Brazil;TOTAL;TOTAL;940;629076;188478;25826177;628960;25793112;29490107;1210691114;2436;21829580;8866327;67204366;31504.36425;166470449;78.03876;145134094;68.03661;5028455;2.35726
205;03/02/2022;Brazil;TOTAL;TOTAL;997;630073;285396;26111573;630001;26091520;29536845;1224070036;2413;21829580;8866327;67204366;31504.36425;166777649;78.18277;145366545;68.14558;5029868;2.35792
205;04/02/2022;Brazil;TOTAL;TOTAL;968;631041;219433;26331006;630494;26275831;29582223;1234356714;2397;21829580;8866327;67204366;31504.36425;167334629;78.44388;145535656;68.22486;5043923;2.36451
205;05/02/2022;Brazil;TOTAL;TOTAL;804;631845;151143;26482149;631802;26473273;29619913;1241442064;2386;21829580;8866327;67204366;31504.36425;167677014;78.60438;145612139;68.26071;5045691;2.36534
206;06/02/2022;Brazil;TOTAL;TOTAL;447;632292;63437;26545586;632193;26533010;29640868;1244415892;2382;21829580;8866327;67204366;31504.36425;167754397;78.64066;145714333;68.30862;5046532;2.36574
206;07/02/2022;Brazil;TOTAL;TOTAL;415;632707;72228;26617814;632621;26599593;29660323;1247801829;2377;21829580;8866327;67204366;31504.36425;168210512;78.85448;145838536;68.36684;5047687;2.36628
206;08/02/2022;Brazil;TOTAL;TOTAL;1197;633904;180552;26798366;633810;26776620;29716436;1256265826;2365;22008588;8866327;67689970;31732.00787;168362278;78.92562;145988677;68.43723;5047806;2.36633
206;09/02/2022;Brazil;TOTAL;TOTAL;1287;635191;177366;26975732;635074;26955434;29776769;1264580469;2355;22013249;8866327;67689970;31732.00787;168481642;78.98158;146329755;68.59712;5031663;2.35877
206;10/02/2022;Brazil;TOTAL;TOTAL;925;636116;164157;27139889;636017;27119500;29820131;1272275895;2344;22013249;8866327;67689970;31732.00787;168880877;79.16874;146694534;68.76812;5034336;2.36002
206;11/02/2022;Brazil;TOTAL;TOTAL;1116;637232;161750;27301639;637152;27285509;29872448;1279858484;2334;22013249;8866327;67689970;31732.00787;169370255;79.39815;146912866;68.87047;5038490;2.36197
206;12/02/2022;Brazil;TOTAL;TOTAL;866;638098;133158;27434797;638048;27425743;29913044;1286100724;2326;22013249;8866327;67689970;31732.00787;169581780;79.49731;147012920;68.91738;5039038;2.36222
207;13/02/2022;Brazil;TOTAL;TOTAL;342;638440;55623;27490420;638362;27479963;29929077;1288708244;2322;22013249;8866327;67689970;31732.00787;169675472;79.54123;147155512;68.98422;5039781;2.36257
207;14/02/2022;Brazil;TOTAL;TOTAL;493;638933;64760;27555180;638835;27538503;29952188;1291744092;2319;22032729;8866327;67689970;31732.00787;169895343;79.64430;147314691;69.05884;5023341;2.35486
207;15/02/2022;Brazil;TOTAL;TOTAL;915;639848;123801;27678981;639689;27659052;29995082;1297547691;2312;24773656;8866327;69640999;32646.62000;170121986;79.75055;147394141;69.09609;5033989;2.35986
207;16/02/2022;Brazil;TOTAL;TOTAL;1033;640881;144219;27823200;640774;27806786;30043507;1304308454;2303;24773656;8866327;69640999;32646.62000;170394085;79.87810;147563971;69.17570;5035190;2.36042
207;17/02/2022;Brazil;TOTAL;TOTAL;1108;641989;129525;27952725;641902;27937835;30095448;1310380385;2297;24773656;8866327;69640999;32646.62000;170646362;79.99637;147744020;69.26010;5038130;2.36180
207;18/02/2022;Brazil;TOTAL;TOTAL;1118;643107;120132;28072857;643029;28058862;30147859;1316011987;2291;24781643;8866327;69640999;32646.62000;171359341;80.33060;148062460;69.40938;5041031;2.36316
207;19/02/2022;Brazil;TOTAL;TOTAL;836;643943;103715;28176572;643880;28167587;30187049;1320873985;2285;24781643;8866327;69640999;32646.62000;171563203;80.42617;148251978;69.49823;5042116;2.36367
208;20/02/2022;Brazil;TOTAL;TOTAL;399;644342;38641;28215213;644286;28208212;30205753;1322685416;2284;24781643;8866327;69640999;32646.62000;171640408;80.46236;148302645;69.52198;5043869;2.36449
208;21/02/2022;Brazil;TOTAL;TOTAL;343;644685;43843;28259056;644604;28245551;30221833;1324740707;2281;24781643;8866327;69640999;32646.62000;171816412;80.54487;148449102;69.59064;5047541;2.36621
208;22/02/2022;Brazil;TOTAL;TOTAL;804;645489;102562;28361618;645420;28351327;30259523;1329548655;2276;25024038;8866327;69640999;32646.62000;172029941;80.64497;148570908;69.64774;5048718;2.36676
208;23/02/2022;Brazil;TOTAL;TOTAL;985;646474;130812;28492430;646419;28484890;30305698;1335680919;2269;25024038;8866327;69640999;32646.62000;172308344;80.77548;148857152;69.78192;5050530;2.36761
208;24/02/2022;Brazil;TOTAL;TOTAL;983;647457;96440;28588870;647390;28578647;30351780;1340201876;2265;25024038;8866327;69640999;32646.62000;172573947;80.89999;149106386;69.89876;5047146;2.36602
208;25/02/2022;Brazil;TOTAL;TOTAL;798;648255;88790;28677660;648160;28670242;30389189;1344364214;2260;25024038;8866327;69640999;32646.62000;172836653;81.02314;149362074;70.01862;5057633;2.37094
208;26/02/2022;Brazil;TOTAL;TOTAL;708;648963;72842;28750502;648913;28744050;30422379;1347778934;2257;25024038;8866327;69640999;32646.62000;172930058;81.06693;149455066;70.06222;5058540;2.37137
209;27/02/2022;Brazil;TOTAL;TOTAL;215;649178;22137;28772639;649134;28768104;30432458;1348816682;2256;25024038;8866327;69640999;32646.62000;172963470;81.08259;149504349;70.08532;5058873;2.37152
209;28/02/2022;Brazil;TOTAL;TOTAL;238;649416;19952;28792591;649333;28787620;30443615;1349752001;2255;25024038;8866327;69640999;32646.62000;173123497;81.15761;149827740;70.23692;5060347;2.37221
209;01/03/2022;Brazil;TOTAL;TOTAL;278;649694;22415;28815006;649630;28811165;30456647;1350802781;2255;25024038;8866327;69640999;32646.62000;173235390;81.21006;149876685;70.25986;5061687;2.37284
209;02/03/2022;Brazil;TOTAL;TOTAL;346;650040;30135;28845141;650000;28842160;30472867;1352215463;2254;25024038;8866327;69640999;32646.62000;173298780;81.23978;150001770;70.31850;5062684;2.37331
209;03/03/2022;Brazil;TOTAL;TOTAL;587;650627;65544;28910685;650578;28904030;30500384;1355288064;2250;25613111;8866327;69951873;32792.35291;173360211;81.26858;150164314;70.39470;5064130;2.37399
209;04/03/2022;Brazil;TOTAL;TOTAL;694;651321;70259;28980944;651255;28973799;30532918;1358581697;2247;25614956;8866327;69951873;32792.35291;173482886;81.32609;150357085;70.48507;5064984;2.37439
209;05/03/2022;Brazil;TOTAL;TOTAL;633;651954;55130;29036074;651927;29033052;30562592;1361166106;2245;25614956;8866327;69951873;32792.35291;173571773;81.36775;150498275;70.55126;5066045;2.37488
210;06/03/2022;Brazil;TOTAL;TOTAL;214;652168;16161;29052235;652143;29049013;30572624;1361923709;2245;25614956;8866327;69951873;32792.35291;173612080;81.38665;150524931;70.56375;5066462;2.37508
210;07/03/2022;Brazil;TOTAL;TOTAL;220;652388;21854;29074089;652341;29069469;30582937;1362948190;2244;25614956;8866327;69951873;32792.35291;173728790;81.44136;150712422;70.65165;5068518;2.37604
210;08/03/2022;Brazil;TOTAL;TOTAL;492;652880;75132;29149221;652829;29138362;30606002;1366470262;2240;25614956;8866327;69951873;32792.35291;173845108;81.49589;150894902;70.73719;5070148;2.37681
210;09/03/2022;Brazil;TOTAL;TOTAL;678;653558;50348;29199569;653498;29193268;30637785;1368830498;2238;25614956;8866327;69951873;32792.35291;174001616;81.56926;151105122;70.83574;5083126;2.38289
210;10/03/2022;Brazil;TOTAL;TOTAL;565;654123;57006;29256575;654086;29249903;30664272;1371502851;2236;25614956;8866327;69951873;32792.35291;174632605;81.86506;152016244;71.26286;5081306;2.38204
210;11/03/2022;Brazil;TOTAL;TOTAL;456;654579;53422;29309997;654556;29305114;30685648;1374007191;2233;27362944;8866327;70923215;33247.70297;174752176;81.92111;152182569;71.34083;5084068;2.38333
210;12/03/2022;Brazil;TOTAL;TOTAL;384;654963;45788;29355785;654945;29350134;30703649;1376153662;2231;27362944;8866327;70923215;33247.70297;175054468;82.06282;152387142;71.43673;5085712;2.38410
211;13/03/2022;Brazil;TOTAL;TOTAL;138;655101;14553;29370338;655078;29368776;30710119;1376835884;2230;27362944;8866327;70923215;33247.70297;175091722;82.08028;152423804;71.45391;5086515;2.38448
211;14/03/2022;Brazil;TOTAL;TOTAL;185;655286;16841;29387179;655249;29380063;30718791;1377625364;2230;27366309;8866327;70923215;33247.70297;175185368;82.12418;152586722;71.53029;5088542;2.38543
211;15/03/2022;Brazil;TOTAL;TOTAL;328;655614;50167;29437346;655585;29432157;30734167;1379977115;2227;27366309;8866327;70923215;33247.70297;175231097;82.14562;152712437;71.58922;5089499;2.38588
211;16/03/2022;Brazil;TOTAL;TOTAL;356;655970;50575;29487921;655940;29478039;30750856;1382347992;2225;27366309;8866327;70923215;33247.70297;175311829;82.18347;152953340;71.70215;5098182;2.38995
211;17/03/2022;Brazil;TOTAL;TOTAL;477;656447;45541;29533462;656425;29527640;30773217;1384482884;2223;27366309;8866327;70923215;33247.70297;175394239;82.22210;153140629;71.78995;5101046;2.39129
211;18/03/2022;Brazil;TOTAL;TOTAL;382;656829;47972;29581434;656798;29573112;30791125;1386731737;2220;27366309;8866327;70923215;33247.70297;175559256;82.29946;153378860;71.90163;5106537;2.39387
211;19/03/2022;Brazil;TOTAL;TOTAL;285;657114;38188;29619622;657102;29617266;30804485;1388521931;2219;27366309;8866327;70923215;33247.70297;175633098;82.33407;153526028;71.97062;5108475;2.39477
212;20/03/2022;Brazil;TOTAL;TOTAL;106;657220;13062;29632684;657205;29630484;30809454;1389134257;2218;27366309;8866327;70923215;33247.70297;175651060;82.34249;153555908;71.98463;5108701;2.39488
212;21/03/2022;Brazil;TOTAL;TOTAL;102;657322;13412;29646096;657302;29641594;30814236;1389762991;2217;27366309;8866327;70923215;33247.70297;175755370;82.39139;153789090;72.09394;5110987;2.39595
212;22/03/2022;Brazil;TOTAL;TOTAL;411;657733;41398;29687494;657696;29682615;30833503;1391703665;2216;27366309;8866327;70923215;33247.70297;175807160;82.41567;153925197;72.15774;5111630;2.39625
212;23/03/2022;Brazil;TOTAL;TOTAL;283;658016;46247;29733741;657998;29729991;30846769;1393871653;2213;27366309;8866327;70923215;33247.70297;175873432;82.44674;154070610;72.22591;5112572;2.39669
212;24/03/2022;Brazil;TOTAL;TOTAL;308;658324;37278;29771019;658310;29767681;30861208;1395619187;2211;27366309;8866327;70923215;33247.70297;175931782;82.47409;154193141;72.28335;5113526;2.39714
212;25/03/2022;Brazil;TOTAL;TOTAL;257;658581;33996;29805015;658566;29802257;30873256;1397212867;2210;27366309;8866327;70923215;33247.70297;176002374;82.50718;154351808;72.35773;5115155;2.39791
212;26/03/2022;Brazil;TOTAL;TOTAL;192;658773;28303;29833318;658762;29832179;30882256;1398539668;2208;27366309;8866327;70923215;33247.70297;176030148;82.52020;154431139;72.39492;5118349;2.39940
213;27/03/2022;Brazil;TOTAL;TOTAL;107;658880;9937;29843255;658879;29842418;30887272;1399005499;2208;27366309;8866327;70923215;33247.70297;176070375;82.53906;154515688;72.43456;5119720;2.40005
213;28/03/2022;Brazil;TOTAL;TOTAL;76;658956;9086;29852341;658956;29852341;30890835;1399431437;2207;27366309;8866327;70923215;33247.70297;176138696;82.57109;154667635;72.50579;5131209;2.40543
213;29/03/2022;Brazil;TOTAL;TOTAL;285;659241;30056;29882397;659241;29882397;30904195;1400840415;2206;27366309;8866327;70923215;33247.70297;176330919;82.66120;154927146;72.62744;5133100;2.40632
213;30/03/2022;Brazil;TOTAL;TOTAL;263;659504;33937;29916334;659504;29916334;30916524;1402431329;2204;27366309;8866327;70923215;33247.70297;176422071;82.70393;155173973;72.74315;5136717;2.40801
213;31/03/2022;Brazil;TOTAL;TOTAL;253;659757;31561;29947895;659757;29947895;30928385;1403910860;2203;27366309;8866327;70923215;33247.70297;176477289;82.72982;155352755;72.82696;5139122;2.40914
213;01/04/2022;Brazil;TOTAL;TOTAL;245;660002;27270;29975165;660002;29975165;30939870;1405189235;2202;27366309;8866327;70923215;33247.70297;176528724;82.75393;155517616;72.90425;5143044;2.41098
213;02/04/2022;Brazil;TOTAL;TOTAL;106;660108;17062;29992227;660108;29992227;30944839;1405989075;2201;27366309;8866327;70923215;33247.70297;176563860;82.77040;155613259;72.94908;5145294;2.41203
214;03/04/2022;Brazil;TOTAL;TOTAL;39;660147;7210;29999437;660147;29999437;30946667;1406327069;2201;27366309;8866327;70923215;33247.70297;176576186;82.77618;155649865;72.96624;5145843;2.41229
214;04/04/2022;Brazil;TOTAL;TOTAL;165;660312;13361;30012798;660312;30012798;30954402;1406953412;2200;27366309;8866327;70923215;33247.70297;176604584;82.78949;155740985;73.00896;5147361;2.41300
214;05/04/2022;Brazil;TOTAL;TOTAL;216;660528;27331;30040129;660528;30040129;30964528;1408234647;2199;27366309;8866327;70923215;33247.70297;176674889;82.82245;155920611;73.09316;5153093;2.41569
214;06/04/2022;Brazil;TOTAL;TOTAL;195;660723;27120;30067249;660723;30067249;30973669;1409505990;2197;27366309;8866327;70923215;33247.70297;176737679;82.85188;156079909;73.16784;5181545;2.42903
214;07/04/2022;Brazil;TOTAL;TOTAL;250;660973;26502;30093751;660973;30093751;30985389;1410748363;2196;27366309;8866327;70923215;33247.70297;176786142;82.87460;156224562;73.23565;5184465;2.43040
214;08/04/2022;Brazil;TOTAL;TOTAL;149;661122;30212;30123963;661122;30123963;30992374;1412164655;2195;27366309;8866327;70923215;33247.70297;176836950;82.89842;156387667;73.31211;5189438;2.43273
214;09/04/2022;Brazil;TOTAL;TOTAL;98;661220;21229;30145192;661220;30145192;30996968;1413159837;2193;27366309;8866327;70923215;33247.70297;176866093;82.91208;156462544;73.34721;5194129;2.43493
215;10/04/2022;Brazil;TOTAL;TOTAL;38;661258;7210;30152402;661258;30152402;30998749;1413497831;2193;27366309;8866327;70923215;33247.70297;176877847;82.91759;156500632;73.36507;5197333;2.43643
215;11/04/2022;Brazil;TOTAL;TOTAL;69;661327;8803;30161205;661327;30161205;31001984;1413910502;2193;27366309;8866327;70923215;33247.70297;176928391;82.94129;156652988;73.43649;5199328;2.43736
215;12/04/2022;Brazil;TOTAL;TOTAL;166;661493;22724;30183929;661493;30183929;31009766;1414975768;2192;27366309;8866327;70923215;33247.70297;176977228;82.96418;156802928;73.50678;5202839;2.43901
215;13/04/2022;Brazil;TOTAL;TOTAL;163;661656;26924;30210853;661656;30210853;31017407;1416237923;2190;27366309;8866327;70923215;33247.70297;177003076;82.97630;156888019;73.54667;5207076;2.44100
215;14/04/2022;Brazil;TOTAL;TOTAL;140;661796;23171;30234024;661796;30234024;31023970;1417324144;2189;27366309;8866327;70923215;33247.70297;177052730;82.99957;157045240;73.62037;5210295;2.44251
215;15/04/2022;Brazil;TOTAL;TOTAL;111;661907;13278;30247302;661907;30247302;31029173;1417946596;2188;27366309;8866327;70923215;33247.70297;177061552;83.00371;157081417;73.63733;5210792;2.44274
215;16/04/2022;Brazil;TOTAL;TOTAL;31;661938;2775;30250077;661938;30250077;31030627;1418076683;2188;27366309;8866327;70923215;33247.70297;177128090;83.03490;157136156;73.66299;5211729;2.44318
216;17/04/2022;Brazil;TOTAL;TOTAL;22;661960;2541;30252618;661960;30252618;31031658;1418195801;2188;27366309;8866327;70923215;33247.70297;177131353;83.03643;157142204;73.66583;5211927;2.44327
216;18/04/2022;Brazil;TOTAL;TOTAL;66;662026;8470;30261088;662026;30261088;31034752;1418592862;2188;27381416;8866327;70923215;33247.70297;177164849;83.05213;157240465;73.71189;5212896;2.44372
216;19/04/2022;Brazil;TOTAL;TOTAL;125;662151;14131;30275219;662151;30275219;31040612;1419255301;2187;27381416;8866327;70923215;33247.70297;177437560;83.17998;157434629;73.80291;5216061;2.44521
216;20/04/2022;Brazil;TOTAL;TOTAL;263;662414;36750;30311969;662414;30311969;31052941;1420978084;2185;27381416;8866327;70923215;33247.70297;177471803;83.19603;157649663;73.90372;5218181;2.44620
216;21/04/2022;Brazil;TOTAL;TOTAL;92;662506;18660;30330629;662506;30330629;31057254;1421852836;2184;27381416;8866327;70923215;33247.70297;177512188;83.21496;157771135;73.96066;5219082;2.44662
216;22/04/2022;Brazil;TOTAL;TOTAL;51;662557;8068;30338697;662557;30338697;31059644;1422231051;2184;27381416;8866327;70923215;33247.70297;177523166;83.22011;157798026;73.97327;5219372;2.44676
216;23/04/2022;Brazil;TOTAL;TOTAL;53;662610;6957;30345654;662610;30345654;31062129;1422557185;2184;27381416;8866327;70923215;33247.70297;177541898;83.22889;157864022;74.00420;5219455;2.44680
217;24/04/2022;Brazil;TOTAL;TOTAL;36;662646;3809;30349463;662646;30349463;31063817;1422735745;2183;27381416;8866327;70923215;33247.70297;177542035;83.22895;157864491;74.00442;5219474;2.44681
217;25/04/2022;Brazil;TOTAL;TOTAL;76;662722;6456;30355919;662722;30355919;31067379;1423038392;2183;27381416;8866327;70923215;33247.70297;177571249;83.24265;157939954;74.03980;5220749;2.44741
217;26/04/2022;Brazil;TOTAL;TOTAL;144;662866;22142;30378061;662866;30378061;31074130;1424076375;2182;27381416;8866327;70923215;33247.70297;177596551;83.25451;158015140;74.07505;5222590;2.44827
217;27/04/2022;Brazil;TOTAL;TOTAL;245;663111;20943;30399004;663111;30399004;31085615;1425058150;2181;27381416;8866327;70923215;33247.70297;177657882;83.28326;158204759;74.16394;5225375;2.44957
217;28/04/2022;Brazil;TOTAL;TOTAL;114;663225;19916;30418920;663225;30418920;31090959;1425991781;2180;27381416;8866327;70923215;33247.70297;177699439;83.30274;158342284;74.22841;5227129;2.45040
217;29/04/2022;Brazil;TOTAL;TOTAL;185;663410;14122;30433042;663410;30433042;31099632;1426653799;2180;27381416;8866327;70923215;33247.70297;177732819;83.31839;158447653;74.27780;5228362;2.45097
217;30/04/2022;Brazil;TOTAL;TOTAL;87;663497;15194;30448236;663497;30448236;31103710;1427366070;2179;27381416;8866327;70923215;33247.70297;177742670;83.32301;158478064;74.29206;5228671;2.45112
218;01/05/2022;Brazil;TOTAL;TOTAL;16;663513;6263;30454499;663513;30454499;31104460;1427659670;2179;27381416;8866327;70923215;33247.70297;177755066;83.32882;158511889;74.30791;5229451;2.45149
218;02/05/2022;Brazil;TOTAL;TOTAL;89;663602;6498;30460997;663602;30460997;31108632;1427964286;2179;27381416;8866327;70923215;33247.70297;177795708;83.34787;158620998;74.35906;5230318;2.45189
218;03/05/2022;Brazil;TOTAL;TOTAL;92;663694;21432;30482429;663694;30482429;31112945;1428968985;2177;27381416;8866327;70923215;33247.70297;177835975;83.36675;158734638;74.41234;5231351;2.45238
218;04/05/2022;Brazil;TOTAL;TOTAL;65;663759;20072;30502501;663759;30502501;31115992;1429909929;2176;27381416;8866327;70923215;33247.70297;177904423;83.39883;158898213;74.48902;5232950;2.45313
218;05/05/2022;Brazil;TOTAL;TOTAL;137;663896;21682;30524183;663896;30524183;31122415;1430926347;2175;27381416;8866327;70923215;33247.70297;177925477;83.40870;158977080;74.52599;5233446;2.45336
218;06/05/2022;Brazil;TOTAL;TOTAL;195;664091;19725;30543908;664091;30543908;31131556;1431851025;2174;27381416;8866327;70923215;33247.70297;177973729;83.43132;159073745;74.57130;5234776;2.45398
218;07/05/2022;Brazil;TOTAL;TOTAL;35;664126;14622;30558530;664126;30558530;31133197;1432536481;2173;27381416;8866327;70923215;33247.70297;177983320;83.43582;159105029;74.58597;5235263;2.45421
219;08/05/2022;Brazil;TOTAL;TOTAL;13;664139;6006;30564536;664139;30564536;31133806;1432818033;2173;27381416;8866327;70923215;33247.70297;177993463;83.44057;159120028;74.59300;5235432;2.45429
219;09/05/2022;Brazil;TOTAL;TOTAL;53;664192;9709;30574245;664192;30574245;31136291;1433273176;2172;27381416;8866327;70923215;33247.70297;178016825;83.45153;159163397;74.61333;5236047;2.45458
219;10/05/2022;Brazil;TOTAL;TOTAL;198;664390;20143;30594388;664390;30594388;31145573;1434217449;2172;27381416;8866327;70923215;33247.70297;178032949;83.45908;159224035;74.64176;5236828;2.45494
219;11/05/2022;Brazil;TOTAL;TOTAL;126;664516;23398;30617786;664516;30617786;31151479;1435314311;2170;27381416;8866327;70923215;33247.70297;178177107;83.52666;159534555;74.78732;5238776;2.45586
219;12/05/2022;Brazil;TOTAL;TOTAL;125;664641;21344;30639130;664641;30639130;31157339;1436314884;2169;27381416;8866327;70923215;33247.70297;178224737;83.54899;159612601;74.82391;5251971;2.46204
219;13/05/2022;Brazil;TOTAL;TOTAL;139;664780;25609;30664739;664780;30664739;31163855;1437515395;2168;27381416;8866327;70923215;33247.70297;178236435;83.55448;159650417;74.84164;5252448;2.46227
219;14/05/2022;Brazil;TOTAL;TOTAL;92;664872;17355;30682094;664872;30682094;31168168;1438328970;2167;27381416;8866327;70923215;33247.70297;178237945;83.55518;159658565;74.84546;5252506;2.46229
220;15/05/2022;Brazil;TOTAL;TOTAL;46;664918;6296;30688390;664918;30688390;31170324;1438624117;2167;27381416;8866327;70923215;33247.70297;178239576;83.55595;159663318;74.84769;5252520;2.46230
220;16/05/2022;Brazil;TOTAL;TOTAL;69;664987;13510;30701900;664987;30701900;31173559;1439257445;2166;27381416;8866327;70923215;33247.70297;178252430;83.56197;159714596;74.87172;5255219;2.46357
220;17/05/2022;Brazil;TOTAL;TOTAL;229;665216;26386;30728286;665216;30728286;31184294;1440494379;2165;27381416;8866327;70923215;33247.70297;178269501;83.56998;159756130;74.89120;5259795;2.46571
220;18/05/2022;Brazil;TOTAL;TOTAL;103;665319;13525;30741811;665319;30741811;31189123;1441128410;2164;27381416;8866327;70923215;33247.70297;178299681;83.58412;159873886;74.94640;5261444;2.46648
220;19/05/2022;Brazil;TOTAL;TOTAL;114;665433;10415;30752226;665433;30752226;31194467;1441616649;2164;27381416;8866327;70923215;33247.70297;178334769;83.60057;159923753;74.96977;5262222;2.46685
220;20/05/2022;Brazil;TOTAL;TOTAL;60;665493;10187;30762413;665493;30762413;31197279;1442094200;2163;27381416;8866327;70923215;33247.70297;178343471;83.60465;159980369;74.99632;5262675;2.46706
220;21/05/2022;Brazil;TOTAL;TOTAL;35;665528;16194;30778607;665528;30778607;31198920;1442853350;2162;27381416;8866327;70923215;33247.70297;178347801;83.60668;159992506;75.00200;5262775;2.46711
221;22/05/2022;Brazil;TOTAL;TOTAL;99;665627;12613;30791220;665627;30791220;31203561;1443444628;2162;27381416;8866327;70923215;33247.70297;178348163;83.60685;159994344;75.00287;5262791;2.46711
221;23/05/2022;Brazil;TOTAL;TOTAL;39;665666;12775;30803995;665666;30803995;31205389;1444043500;2161;27381416;8866327;70923215;33247.70297;178708084;83.77558;160065355;75.03616;5264478;2.46791
221;24/05/2022;Brazil;TOTAL;TOTAL;239;665905;32820;30836815;665905;30836815;31216593;1445582051;2159;27381416;8866327;70923215;33247.70297;178757918;83.79894;160202567;75.10048;5266316;2.46877
221;25/05/2022;Brazil;TOTAL;TOTAL;132;666037;9787;30846602;666037;30846602;31222781;1446040850;2159;27381416;8866327;70923215;33247.70297;178784709;83.81150;160282246;75.13783;5268154;2.46963
221;26/05/2022;Brazil;TOTAL;TOTAL;143;666180;33910;30880512;666180;30880512;31229485;1447630498;2157;27381416;8866327;70923215;33247.70297;178832168;83.83375;160329979;75.16021;5272936;2.47187
221;27/05/2022;Brazil;TOTAL;TOTAL;139;666319;40633;30921145;666319;30921145;31236001;1449535310;2155;27381416;8866327;70923215;33247.70297;178890071;83.86089;160416133;75.20059;5277612;2.47406
221;28/05/2022;Brazil;TOTAL;TOTAL;72;666391;24239;30945384;666391;30945384;31239376;1450671597;2153;27381416;8866327;70923215;33247.70297;178927263;83.87833;160457034;75.21977;5278261;2.47437
222;29/05/2022;Brazil;TOTAL;TOTAL;62;666453;8195;30953579;666453;30953579;31242283;1451055766;2153;27381416;8866327;70923215;33247.70297;178933049;83.88104;160472023;75.22680;5278424;2.47444
222;30/05/2022;Brazil;TOTAL;TOTAL;63;666516;24082;30977661;666516;30977661;31245236;1452184693;2152;27381416;8866327;70923215;33247.70297;178952713;83.89026;160509924;75.24456;5278955;2.47469
222;31/05/2022;Brazil;TOTAL;TOTAL;160;666676;41377;31019038;666676;31019038;31252737;1454124382;2149;27381416;8866327;70923215;33247.70297;178961451;83.89435;160541059;75.25916;5279437;2.47492
222;01/06/2022;Brazil;TOTAL;TOTAL;125;666801;40979;31060017;666801;31060017;31258596;1456045414;2147;27381416;8866327;70923215;33247.70297;178991884;83.90862;160653642;75.31194;5280760;2.47554
222;02/06/2022;Brazil;TOTAL;TOTAL;127;666928;41273;31101290;666928;31101290;31264550;1457980228;2144;27381416;8866327;70923215;33247.70297;179015619;83.91975;160686131;75.32717;5281259;2.47577
222;03/06/2022;Brazil;TOTAL;TOTAL;43;666971;36189;31137479;666971;31137479;31266566;1459676712;2142;27381416;8866327;70923215;33247.70297;179079972;83.94991;160793711;75.37760;5284090;2.47710
222;04/06/2022;Brazil;TOTAL;TOTAL;26;666997;15590;31153069;666997;31153069;31267785;1460407547;2141;27381416;8866327;70923215;33247.70297;179125995;83.97149;160863957;75.41053;5287409;2.47866
223;05/06/2022;Brazil;TOTAL;TOTAL;8;667005;6266;31159335;667005;31159335;31268160;1460701288;2141;27381416;8866327;70923215;33247.70297;179134994;83.97571;160884603;75.42021;5287777;2.47883
223;06/06/2022;Brazil;TOTAL;TOTAL;36;667041;35783;31195118;667041;31195118;31269847;1462378739;2138;27381416;8866327;70923215;33247.70297;179147869;83.98174;160916681;75.43524;5289130;2.47946
223;07/06/2022;Brazil;TOTAL;TOTAL;307;667348;71045;31266163;667348;31266163;31284239;1465709219;2134;27381416;8866327;70923215;33247.70297;179184655;83.99899;160992471;75.47077;5290603;2.48015
223;08/06/2022;Brazil;TOTAL;TOTAL;299;667647;49614;31315777;667647;31315777;31298256;1468035046;2132;27381416;8866327;70923215;33247.70297;179200482;84.00641;161152204;75.54565;5294483;2.48197
223;09/06/2022;Brazil;TOTAL;TOTAL;143;667790;45073;31360850;667790;31360850;31304959;1470147998;2129;27381416;8866327;70923215;33247.70297;179303691;84.05479;161225513;75.58002;5295727;2.48255
223;10/06/2022;Brazil;TOTAL;TOTAL;170;667960;56491;31417341;667960;31417341;31312929;1472796209;2126;27381416;8866327;70923215;33247.70297;179313508;84.05939;161263163;75.59767;5297420;2.48335
223;11/06/2022;Brazil;TOTAL;TOTAL;114;668074;27796;31445137;668074;31445137;31318273;1474099242;2125;27381416;8866327;70923215;33247.70297;179327516;84.06596;161300609;75.61522;5298510;2.48386
224;12/06/2022;Brazil;TOTAL;TOTAL;36;668110;11728;31456865;668110;31456865;31319960;1474649033;2124;27381416;8866327;70923215;33247.70297;179332545;84.06832;162434831;76.14693;5298789;2.48399
224;13/06/2022;Brazil;TOTAL;TOTAL;70;668180;40173;31497038;668180;31497038;31323242;1476532281;2121;27381416;8866327;70923215;33247.70297;179341739;84.07263;162459474;76.15848;5299920;2.48452
224;14/06/2022;Brazil;TOTAL;TOTAL;174;668354;44441;31541479;668354;31541479;31331399;1478615606;2119;27381416;8866327;70923215;33247.70297;179354732;84.07872;162486282;76.17105;5300915;2.48499
224;15/06/2022;Brazil;TOTAL;TOTAL;339;668693;70290;31611769;668693;31611769;31347291;1481910692;2115;27381416;8866327;70923215;33247.70297;179369834;84.08580;162527989;76.19060;5301942;2.48547
224;16/06/2022;Brazil;TOTAL;TOTAL;151;668844;32934;31644703;668844;31644703;31354369;1483454587;2114;27381416;8866327;70923215;33247.70297;179454264;84.12538;162623092;76.23518;5307450;2.48805
224;17/06/2022;Brazil;TOTAL;TOTAL;72;668916;28672;31673375;668916;31673375;31357744;1484798686;2112;27381416;8866327;70923215;33247.70297;179460000;84.12806;162639543;76.24289;5307628;2.48813
224;18/06/2022;Brazil;TOTAL;TOTAL;94;669010;20127;31693502;669010;31693502;31362151;1485742208;2111;27381416;8866327;70923215;33247.70297;179466698;84.13120;162655333;76.25030;5307935;2.48828
225;19/06/2022;Brazil;TOTAL;TOTAL;55;669065;10691;31704193;669065;31704193;31364729;1486243386;2110;27381416;8866327;70923215;33247.70297;179468913;84.13224;162665196;76.25492;5308012;2.48831
225;20/06/2022;Brazil;TOTAL;TOTAL;96;669161;50272;31754465;669161;31754465;31369230;1488600059;2107;27381416;8866327;70923215;33247.70297;179488779;84.14156;162752924;76.29605;5308538;2.48856
225;21/06/2022;Brazil;TOTAL;TOTAL;229;669390;64362;31818827;669390;31818827;31379965;1491617250;2104;27381416;8866327;70923215;33247.70297;179516593;84.15459;162790713;76.31376;5309377;2.48895
225;22/06/2022;Brazil;TOTAL;TOTAL;140;669530;71906;31890733;669530;31890733;31386528;1494988091;2099;27381416;8866327;70923215;33247.70297;179542070;84.16654;162867473;76.34974;5310006;2.48925
225;23/06/2022;Brazil;TOTAL;TOTAL;365;669895;72049;31962782;669895;31962782;31403638;1498365637;2096;27381416;8866327;70923215;33247.70297;179570091;84.17967;162933482;76.38069;5310724;2.48959
225;24/06/2022;Brazil;TOTAL;TOTAL;334;670229;60384;32023166;670229;32023166;31419296;1501196345;2093;27381416;8866327;70923215;33247.70297;179584285;84.18633;162954320;76.39046;5312026;2.49020
225;25/06/2022;Brazil;TOTAL;TOTAL;140;670369;38793;32061959;670369;32061959;31425859;1503014901;2091;27381416;8866327;70923215;33247.70297;179586460;84.18735;162959093;76.39269;5312101;2.49023
226;26/06/2022;Brazil;TOTAL;TOTAL;36;670405;16679;32078638;670405;32078638;31427546;1503796786;2090;27381416;8866327;70923215;33247.70297;179588170;84.18815;162960773;76.39348;5312104;2.49023
226;27/06/2022;Brazil;TOTAL;TOTAL;127;670532;51678;32130316;670532;32130316;31433500;1506219371;2087;27381416;8866327;70923215;33247.70297;179603411;84.19529;162984593;76.40465;5313489;2.49088
226;28/06/2022;Brazil;TOTAL;TOTAL;316;670848;76638;32206954;670848;32206954;31448314;1509812041;2083;27381416;8866327;70923215;33247.70297;179668136;84.22563;163249060;76.52863;5322456;2.49508
226;29/06/2022;Brazil;TOTAL;TOTAL;277;671125;75925;32282879;671125;32282879;31461299;1513371288;2079;27381416;8866327;70923215;33247.70297;179681024;84.23168;163268852;76.53791;5323185;2.49543
226;30/06/2022;Brazil;TOTAL;TOTAL;291;671416;75139;32358018;671416;32358018;31474941;1516893687;2075;27381416;8866327;70923215;33247.70297;179700733;84.24092;163289686;76.54767;5323631;2.49564
226;01/07/2022;Brazil;TOTAL;TOTAL;284;671700;76045;32434063;671700;32434063;31488254;1520458559;2071;27381416;8866327;70923215;33247.70297;179750695;84.26434;163430943;76.61389;5327651;2.49752
226;02/07/2022;Brazil;TOTAL;TOTAL;158;671858;37784;32471847;671858;32471847;31495661;1522229814;2069;27381416;8866327;70923215;33247.70297;179761572;84.26944;163462667;76.62876;5328025;2.49770
227;03/07/2022;Brazil;TOTAL;TOTAL;53;671911;18575;32490422;671911;32490422;31498145;1523100581;2068;27381416;8866327;70923215;33247.70297;179777012;84.27667;163502804;76.64758;5328750;2.49804
227;04/07/2022;Brazil;TOTAL;TOTAL;122;672033;45501;32535923;672033;32535923;31503865;1525233598;2066;27381416;8866327;70923215;33247.70297;179787640;84.28166;163535444;76.66288;5339723;2.50318
227;05/07/2022;Brazil;TOTAL;TOTAL;396;672429;74591;32610514;672429;32610514;31522428;1528730308;2062;27381416;8866327;70923215;33247.70297;179808414;84.29140;163575682;76.68174;5340193;2.50340
227;06/07/2022;Brazil;TOTAL;TOTAL;361;672790;77166;32687680;672790;32687680;31539352;1532347731;2058;27381416;8866327;70923215;33247.70297;179812665;84.29339;163585079;76.68615;5340371;2.50348
227;07/07/2022;Brazil;TOTAL;TOTAL;283;673073;72050;32759730;673073;32759730;31552618;1535725323;2055;27381416;8866327;70923215;33247.70297;179862567;84.31678;163675864;76.72871;5341447;2.50399
227;08/07/2022;Brazil;TOTAL;TOTAL;266;673339;71114;32830844;673339;32830844;31565088;1539059037;2051;27381416;8866327;70923215;33247.70297;179866504;84.31863;163684894;76.73294;5341625;2.50407
227;09/07/2022;Brazil;TOTAL;TOTAL;215;673554;43657;32874501;673554;32874501;31575167;1541105609;2049;27381416;8866327;70923215;33247.70297;179883581;84.32663;163736070;76.75693;5342355;2.50441
228;10/07/2022;Brazil;TOTAL;TOTAL;56;673610;21963;32896464;673610;32896464;31577792;1542135201;2048;27381416;8866327;70923215;33247.70297;179885968;84.32775;163746841;76.76198;5342446;2.50446
228;11/07/2022;Brazil;TOTAL;TOTAL;148;673758;44043;32940507;673758;32940507;31584730;1544199868;2045;27381416;8866327;70923215;33247.70297;179899244;84.33397;163787797;76.78118;5342885;2.50466
228;12/07/2022;Brazil;TOTAL;TOTAL;344;674102;64048;33004555;674102;33004555;31600856;1547202339;2042;27381416;8866327;70923215;33247.70297;179903490;84.33597;163797326;76.78565;5343028;2.50473
228;13/07/2022;Brazil;TOTAL;TOTAL;380;674482;72224;33076779;674482;33076779;31618670;1550588088;2039;27381416;8866327;70923215;33247.70297;179920594;84.34398;163858903;76.81451;5343663;2.50503
228;14/07/2022;Brazil;TOTAL;TOTAL;297;674779;65379;33142158;674779;33142158;31632593;1553652954;2036;27381416;8866327;70923215;33247.70297;179944647;84.35526;163932603;76.84906;5344144;2.50525
228;15/07/2022;Brazil;TOTAL;TOTAL;311;675090;107959;33250117;675090;33250117;31647172;1558713905;2030;27381416;8866327;70923215;33247.70297;179950938;84.35821;163944324;76.85456;5344270;2.50531
228;16/07/2022;Brazil;TOTAL;TOTAL;205;675295;40149;33290266;675295;33290266;31656782;1560596027;2029;27381416;8866327;70923215;33247.70297;179967744;84.36609;164002445;76.88180;5344693;2.50551
229;17/07/2022;Brazil;TOTAL;TOTAL;55;675350;10852;33301118;675350;33301118;31659360;1561104752;2028;27381416;8866327;70923215;33247.70297;179970424;84.36734;164010943;76.88579;5344800;2.50556
229;18/07/2022;Brazil;TOTAL;TOTAL;168;675518;38697;33339815;675518;33339815;31667236;1562918808;2026;27381416;8866327;70923215;33247.70297;179975557;84.36975;164020511;76.89027;5344881;2.50560
229;19/07/2022;Brazil;TOTAL;TOTAL;353;675871;57999;33397814;675871;33397814;31683784;1565637711;2024;27381416;8866327;70923215;33247.70297;180075726;84.41671;164161063;76.95616;5346563;2.50639
229;20/07/2022;Brazil;TOTAL;TOTAL;346;676217;56480;33454294;676217;33454294;31700004;1568285406;2021;27381416;8866327;70923215;33247.70297;180082465;84.41987;164173705;76.96209;5346668;2.50644
229;21/07/2022;Brazil;TOTAL;TOTAL;269;676486;51433;33505727;676486;33505727;31712614;1570696505;2019;27381416;8866327;70923215;33247.70297;180150716;84.45186;164380283;77.05893;5348989;2.50752
229;22/07/2022;Brazil;TOTAL;TOTAL;280;676766;49799;33555526;676766;33555526;31725740;1573031005;2017;27381416;8866327;70923215;33247.70297;180171460;84.46159;164430693;77.08256;5349281;2.50766
229;23/07/2022;Brazil;TOTAL;TOTAL;161;676927;26007;33581533;676927;33581533;31733288;1574250173;2016;27381416;8866327;70923215;33247.70297;180180461;84.46581;164445385;77.08945;5349399;2.50772
230;24/07/2022;Brazil;TOTAL;TOTAL;37;676964;9823;33591356;676964;33591356;31735022;1574710660;2015;27381416;8866327;70923215;33247.70297;180194949;84.47260;164487495;77.10919;5349858;2.50793
230;25/07/2022;Brazil;TOTAL;TOTAL;179;677143;30609;33621965;677143;33621965;31743413;1576145562;2014;27381416;8866327;70923215;33247.70297;180201745;84.47578;164498320;77.11426;5349950;2.50797
230;26/07/2022;Brazil;TOTAL;TOTAL;351;677494;37914;33659879;677494;33659879;31759868;1577922911;2013;27381416;8866327;70923215;33247.70297;180260760;84.50345;164578448;77.15182;5350533;2.50825
230;27/07/2022;Brazil;TOTAL;TOTAL;310;677804;44514;33704393;677804;33704393;31774400;1580009659;2011;27381416;8866327;70923215;33247.70297;180266136;84.50597;164591978;77.15817;5358988;2.51221
230;28/07/2022;Brazil;TOTAL;TOTAL;265;678069;44592;33748985;678069;33748985;31786823;1582100063;2009;27381416;8866327;70923215;33247.70297;179968669;84.36652;165032097;77.36449;5361884;2.51357
230;29/07/2022;Brazil;TOTAL;TOTAL;244;678313;41713;33790698;678313;33790698;31798261;1584055503;2007;27381416;8866327;70923215;33247.70297;179985496;84.37441;165069449;77.38200;5362177;2.51371
230;30/07/2022;Brazil;TOTAL;TOTAL;173;678486;22889;33813587;678486;33813587;31806371;1585128504;2007;27381416;8866327;70923215;33247.70297;179995149;84.37893;165094184;77.39359;5362373;2.51380
231;31/07/2022;Brazil;TOTAL;TOTAL;28;678514;20313;33833900;678514;33833900;31807684;1586080746;2005;27381416;8866327;70923215;33247.70297;179999772;84.38110;165102771;77.39762;5362471;2.51384
231;01/08/2022;Brazil;TOTAL;TOTAL;201;678715;22064;33855964;678715;33855964;31817106;1587115072;2005;27381416;8866327;70923215;33247.70297;180164274;84.45822;165216584;77.45097;5362626;2.51392
231;02/08/2022;Brazil;TOTAL;TOTAL;295;679010;34464;33890428;679010;33890428;31830935;1588730691;2004;27381416;8866327;70923215;33247.70297;180223956;84.48619;165256869;77.46986;5363735;2.51444
231;03/08/2022;Brazil;TOTAL;TOTAL;265;679275;33633;33924061;679275;33924061;31843358;1590307354;2002;27381416;8866327;70923215;33247.70297;180238983;84.49324;165287165;77.48406;5374648;2.51955
231;04/08/2022;Brazil;TOTAL;TOTAL;261;679536;40433;33964494;679536;33964494;31855594;1592202790;2001;27381416;8866327;70923215;33247.70297;180238983;84.49324;165287165;77.48406;5374648;2.51955
231;05/08/2022;Brazil;TOTAL;TOTAL;222;679758;29976;33994470;679758;33994470;31866001;1593608019;2000;27381416;8866327;70923215;33247.70297;180296932;84.52040;165382863;77.52892;5376074;2.52022
231;06/08/2022;Brazil;TOTAL;TOTAL;181;679939;16703;34011173;679939;34011173;31874486;1594391029;1999;27381416;8866327;70923215;33247.70297;180319548;84.53101;165422885;77.54768;5376541;2.52044
232;07/08/2022;Brazil;TOTAL;TOTAL;57;679996;7198;34018371;679996;34018371;31877158;1594728460;1999;27381416;8866327;70923215;33247.70297;180395123;84.56644;165430049;77.55104;5376612;2.52047
232;08/08/2022;Brazil;TOTAL;TOTAL;170;680166;17409;34035780;680166;34035780;31885127;1595544567;1998;27381416;8866327;70923215;33247.70297;180454229;84.59414;165459479;77.56484;5380298;2.52220
232;09/08/2022;Brazil;TOTAL;TOTAL;365;680531;30220;34066000;680531;34066000;31902238;1596961234;1998;27381416;8866327;70923215;33247.70297;180474615;84.60370;165560740;77.61231;5382203;2.52309
232;10/08/2022;Brazil;TOTAL;TOTAL;255;680786;30935;34096935;680786;34096935;31914192;1598411419;1997;27381416;8866327;70923215;33247.70297;180503880;84.61742;165594502;77.62813;5388650;2.52612
232;11/08/2022;Brazil;TOTAL;TOTAL;220;681006;27644;34124579;681006;34124579;31924505;1599707327;1996;27381416;8866327;70923215;33247.70297;180551035;84.63952;165653680;77.65588;5390188;2.52684
232;12/08/2022;Brazil;TOTAL;TOTAL;247;681253;23552;34148131;681253;34148131;31936084;1600811408;1995;27381416;8866327;70923215;33247.70297;180584780;84.65534;165693466;77.67453;5390919;2.52718
232;13/08/2022;Brazil;TOTAL;TOTAL;147;681400;17726;34165857;681400;34165857;31942975;1601642375;1994;27381416;8866327;70923215;33247.70297;180600734;84.66282;165719038;77.68651;5391174;2.52730
233;14/08/2022;Brazil;TOTAL;TOTAL;37;681437;4429;34170286;681437;34170286;31944709;1601850000;1994;27381416;8866327;70923215;33247.70297;180603530;84.66413;165721597;77.68771;5391175;2.52730
233;15/08/2022;Brazil;TOTAL;TOTAL;120;681557;7954;34178240;681557;34178240;31950335;1602222871;1994;27381416;8866327;70923215;33247.70297;180622280;84.67292;165753296;77.70257;5391879;2.52763
233;16/08/2022;Brazil;TOTAL;TOTAL;206;681763;23040;34201280;681763;34201280;31959992;1603302950;1993;27381416;8866327;70923215;33247.70297;180622280;84.67292;165753296;77.70257;5391879;2.52763
233;17/08/2022;Brazil;TOTAL;TOTAL;247;682010;21927;34223207;682010;34223207;31971571;1604330854;1993;27381416;8866327;70923215;33247.70297;180622280;84.67292;165753296;77.70257;5391879;2.52763
233;18/08/2022;Brazil;TOTAL;TOTAL;206;682216;22167;34245374;682216;34245374;31981228;1605370009;1992;27381416;8866327;70923215;33247.70297;180687845;84.70366;165873179;77.75877;5412588;2.53734
233;19/08/2022;Brazil;TOTAL;TOTAL;142;682358;18863;34264237;682358;34264237;31987885;1606254277;1991;27381416;8866327;70923215;33247.70297;180699638;84.70919;165886102;77.76483;5412682;2.53738
233;20/08/2022;Brazil;TOTAL;TOTAL;144;682502;15548;34279785;682502;34279785;31994635;1606983143;1991;27381416;8866327;70923215;33247.70297;180734811;84.72568;165903258;77.77287;5412736;2.53741
234;21/08/2022;Brazil;TOTAL;TOTAL;47;682549;5079;34284864;682549;34284864;31996838;1607221239;1991;27381416;8866327;70923215;33247.70297;180746194;84.73101;165906175;77.77424;5413109;2.53758
234;22/08/2022;Brazil;TOTAL;TOTAL;122;682671;6218;34291082;682671;34291082;32002557;1607512729;1991;27381416;8866327;70923215;33247.70297;180763474;84.73911;165923419;77.78232;5413164;2.53761
234;23/08/2022;Brazil;TOTAL;TOTAL;203;682874;20241;34311323;682874;34311323;32012074;1608461596;1990;27381416;8866327;70923215;33247.70297;180888780;84.79785;165955362;77.79730;5414181;2.53808
234;24/08/2022;Brazil;TOTAL;TOTAL;202;683076;18277;34329600;683076;34329600;32021543;1609318393;1990;27381416;8866327;70923215;33247.70297;180937471;84.82068;165980386;77.80903;5420629;2.54111
234;25/08/2022;Brazil;TOTAL;TOTAL;157;683233;21039;34350639;683233;34350639;32028903;1610304669;1989;27381416;8866327;70923215;33247.70297;180954149;84.82850;166000553;77.81848;5420813;2.54119
234;26/08/2022;Brazil;TOTAL;TOTAL;164;683397;18270;34368909;683397;34368909;32036591;1611161138;1988;27381416;8866327;70923215;33247.70297;180976222;84.83885;166017932;77.82663;5421139;2.54135
234;27/08/2022;Brazil;TOTAL;TOTAL;75;683472;12386;34381295;683472;34381295;32040107;1611741774;1988;27381416;8866327;70923215;33247.70297;180984826;84.84288;166030516;77.83253;5421177;2.54136
235;28/08/2022;Brazil;TOTAL;TOTAL;22;683494;3452;34384747;683494;34384747;32041138;1611903599;1988;27381416;8866327;70923215;33247.70297;180985211;84.84306;166030686;77.83261;5421177;2.54136
235;29/08/2022;Brazil;TOTAL;TOTAL;128;683622;12458;34397205;683622;34397205;32047139;1612487611;1987;27381416;8866327;70923215;33247.70297;181052864;84.87477;166183862;77.90442;5423432;2.54242
235;30/08/2022;Brazil;TOTAL;TOTAL;229;683851;16806;34414011;683851;34414011;32057874;1613275450;1987;27381416;8866327;70923215;33247.70297;181067631;84.88170;166201895;77.91287;5423488;2.54245
235;31/08/2022;Brazil;TOTAL;TOTAL;114;683965;15842;34429853;683965;34429853;32063218;1614018098;1987;27381416;8866327;70923215;33247.70297;181101590;84.89762;166255397;77.93795;5423860;2.54262
235;01/09/2022;Brazil;TOTAL;TOTAL;182;684147;14821;34444674;684147;34444674;32071750;1614712884;1986;27381416;8866327;70923215;33247.70297;181118016;84.90532;166284710;77.95169;5424410;2.54288
235;02/09/2022;Brazil;TOTAL;TOTAL;115;684262;11471;34456145;684262;34456145;32077141;1615250626;1986;27381416;8866327;70923215;33247.70297;181133260;84.91246;166295861;77.95692;5425172;2.54324
235;03/09/2022;Brazil;TOTAL;TOTAL;92;684354;11722;34467867;684354;34467867;32081454;1615800135;1985;27381416;8866327;70923215;33247.70297;181153172;84.92180;166336880;77.97615;5425639;2.54346
236;04/09/2022;Brazil;TOTAL;TOTAL;15;684369;2909;34470776;684369;34470776;32082157;1615936505;1985;27381416;8866327;70923215;33247.70297;181157529;84.92384;166343008;77.97902;5425687;2.54348
236;05/09/2022;Brazil;TOTAL;TOTAL;56;684425;6763;34477539;684425;34477539;32084782;1616253544;1985;27381416;8866327;70923215;33247.70297;181164596;84.92715;166352548;77.98349;5425753;2.54351
236;06/09/2022;Brazil;TOTAL;TOTAL;155;684580;13392;34490931;684580;34490931;32092048;1616881340;1985;27381416;8866327;70923215;33247.70297;181192572;84.94027;166383247;77.99789;5425950;2.54360
236;07/09/2022;Brazil;TOTAL;TOTAL;57;684637;8892;34499823;684637;34499823;32094720;1617298183;1984;27381416;8866327;70923215;33247.70297;181198536;84.94306;166385574;77.99898;5425972;2.54361
236;08/09/2022;Brazil;TOTAL;TOTAL;85;684722;4206;34504029;684722;34504029;32098705;1617495354;1984;27381416;8866327;70923215;33247.70297;181206917;84.94699;166395259;78.00352;5426008;2.54363
236;09/09/2022;Brazil;TOTAL;TOTAL;91;684813;12710;34516739;684813;34516739;32102971;1618091179;1984;27381416;8866327;70923215;33247.70297;181230129;84.95787;166432251;78.02086;5426374;2.54380
236;10/09/2022;Brazil;TOTAL;TOTAL;40;684853;9409;34526148;684853;34526148;32104846;1618532258;1984;27381416;8866327;70923215;33247.70297;181237351;84.96126;166445306;78.02698;5426490;2.54385
237;11/09/2022;Brazil;TOTAL;TOTAL;7;684860;2477;34528625;684860;34528625;32105174;1618648376;1983;27381416;8866327;70923215;33247.70297;181239258;84.96215;166448767;78.02860;5426525;2.54387
237;12/09/2022;Brazil;TOTAL;TOTAL;38;684898;5332;34533957;684898;34533957;32106956;1618898332;1983;27381416;8866327;70923215;33247.70297;181247794;84.96615;166462590;78.03508;5426630;2.54392
237;13/09/2022;Brazil;TOTAL;TOTAL;104;685002;10420;34544377;685002;34544377;32111831;1619386806;1983;27381416;8866327;70923215;33247.70297;181288386;84.98518;166522900;78.06335;5426698;2.54395
237;14/09/2022;Brazil;TOTAL;TOTAL;119;685121;14525;34558902;685121;34558902;32117410;1620067715;1982;27381416;8866327;70923215;33247.70297;181308740;84.99472;166559741;78.08062;5427010;2.54410
237;15/09/2022;Brazil;TOTAL;TOTAL;82;685203;9931;34568833;685203;34568833;32121254;1620533265;1982;27381416;8866327;70923215;33247.70297;181322176;85.00102;166584678;78.09231;5427219;2.54420
237;16/09/2022;Brazil;TOTAL;TOTAL;97;685300;10252;34579085;685300;34579085;32125801;1621013863;1982;27381416;8866327;70923215;33247.70297;181336524;85.00775;166605596;78.10212;5427293;2.54423
237;17/09/2022;Brazil;TOTAL;TOTAL;34;685334;2978;34582063;685334;34582063;32127395;1621153467;1982;27381416;8866327;70923215;33247.70297;181351495;85.01477;166634792;78.11581;5427660;2.54440
238;18/09/2022;Brazil;TOTAL;TOTAL;42;685376;4984;34587047;685376;34587047;32129364;1621387109;1982;27381416;8866327;70923215;33247.70297;181356649;85.01718;166642422;78.11938;5427707;2.54442
238;19/09/2022;Brazil;TOTAL;TOTAL;52;685428;4980;34592027;685428;34592027;32131801;1621620564;1981;27381416;8866327;70923215;33247.70297;181366505;85.02180;166657545;78.12647;5427746;2.54444
238;20/09/2022;Brazil;TOTAL;TOTAL;90;685518;8741;34600768;685518;34600768;32136020;1622030328;1981;27381416;8866327;70923215;33247.70297;181374828;85.02571;166673728;78.13406;5427806;2.54447
238;21/09/2022;Brazil;TOTAL;TOTAL;86;685604;7179;34607947;685604;34607947;32140052;1622366869;1981;27381416;8866327;70923215;33247.70297;181393641;85.03452;166714386;78.15312;5429294;2.54517
238;22/09/2022;Brazil;TOTAL;TOTAL;73;685677;8708;34616655;685677;34616655;32143474;1622775086;1981;27381416;8866327;70923215;33247.70297;181393641;85.03452;166714386;78.15312;5429294;2.54517
238;23/09/2022;Brazil;TOTAL;TOTAL;73;685750;7772;34624427;685750;34624427;32146896;1623139425;1981;27381416;8866327;70923215;33247.70297;181423590;85.04856;166762883;78.17585;5433964;2.54736
238;24/09/2022;Brazil;TOTAL;TOTAL;32;685782;6567;34630994;685782;34630994;32148396;1623447276;1980;27381416;8866327;70923215;33247.70297;181431965;85.05249;166777963;78.18292;5434111;2.54743
239;25/09/2022;Brazil;TOTAL;TOTAL;23;685805;1226;34632220;685805;34632220;32149475;1623504749;1980;27381416;8866327;70923215;33247.70297;181434522;85.05369;166783607;78.18557;5434147;2.54744
239;26/09/2022;Brazil;TOTAL;TOTAL;30;685835;6068;34638288;685835;34638288;32150881;1623789208;1980;27381416;8866327;70923215;33247.70297;181869728;85.25771;166791696;78.18936;5434188;2.54746
239;27/09/2022;Brazil;TOTAL;TOTAL;46;685881;8289;34646577;685881;34646577;32153037;1624177783;1980;27381416;8866327;70923215;33247.70297;181878901;85.26201;166805685;78.19592;5434281;2.54751
239;28/09/2022;Brazil;TOTAL;TOTAL;46;685927;7613;34654190;685927;34654190;32155194;1624534669;1979;27381416;8866327;70923215;33247.70297;181878901;85.26201;166805685;78.19592;5434281;2.54751
239;29/09/2022;Brazil;TOTAL;TOTAL;51;685978;9541;34663731;685978;34663731;32157584;1624981936;1979;27381416;8866327;70923215;33247.70297;181889144;85.26681;166818041;78.20171;5434515;2.54762
239;30/09/2022;Brazil;TOTAL;TOTAL;58;686036;8793;34672524;686036;34672524;32160303;1625394138;1979;27381416;8866327;70923215;33247.70297;181889144;85.26681;166818041;78.20171;5434515;2.54762
239;01/10/2022;Brazil;TOTAL;TOTAL;218;686254;5986;34678510;686254;34678510;32170523;1625674753;1979;27381416;8866327;70923215;33247.70297;181889144;85.26681;166818041;78.20171;5434515;2.54762
240;02/10/2022;Brazil;TOTAL;TOTAL;66;686320;1023;34679533;686320;34679533;32173617;1625722709;1979;27381416;8866327;70923215;33247.70297;181889144;85.26681;166818041;78.20171;5434515;2.54762
240;03/10/2022;Brazil;TOTAL;TOTAL;51;686371;4996;34684529;686371;34684529;32176008;1625956914;1979;27381416;8866327;70923215;33247.70297;181889144;85.26681;166818041;78.20171;5434515;2.54762
240;04/10/2022;Brazil;TOTAL;TOTAL;93;686464;7367;34691896;686464;34691896;32180367;1626302267;1979;27381416;8866327;70923215;33247.70297;181889144;85.26681;166818041;78.20171;5434515;2.54762
240;05/10/2022;Brazil;TOTAL;TOTAL;109;686573;7121;34699017;686573;34699017;32185477;1626636089;1979;27381416;8866327;70923215;33247.70297;181889144;85.26681;166818041;78.20171;5434515;2.54762
240;06/10/2022;Brazil;TOTAL;TOTAL;133;686706;8216;34707233;686706;34707233;32191712;1627021242;1979;27381416;8866327;70923215;33247.70297;181889144;85.26681;166818041;78.20171;5434515;2.54762
240;07/10/2022;Brazil;TOTAL;TOTAL;97;686803;7904;34715137;686803;34715137;32196259;1627391770;1978;27381416;8866327;70923215;33247.70297;181941636;85.29142;166873011;78.22748;5434803;2.54775
240;08/10/2022;Brazil;TOTAL;TOTAL;39;686842;3888;34719025;686842;34719025;32198087;1627574033;1978;27381416;8866327;70923215;33247.70297;181941636;85.29142;166873242;78.22759;5434803;2.54775
241;09/10/2022;Brazil;TOTAL;TOTAL;9;686851;482;34719507;686851;34719507;32198509;1627596628;1978;27381416;8866327;70923215;33247.70297;181941636;85.29142;166873271;78.22760;5434803;2.54775
241;10/10/2022;Brazil;TOTAL;TOTAL;26;686877;4682;34724189;686877;34724189;32199728;1627816113;1978;27381416;8866327;70923215;33247.70297;181942206;85.29168;166873680;78.22779;5434803;2.54775
241;11/10/2022;Brazil;TOTAL;TOTAL;86;686963;7350;34731539;686963;34731539;32203760;1628160670;1978;27381416;8866327;70923215;33247.70297;181942206;85.29168;166873894;78.22789;5434803;2.54775
241;12/10/2022;Brazil;TOTAL;TOTAL;63;687026;5114;34736653;687026;34736653;32206713;1628400406;1978;27381416;8866327;70923215;33247.70297;181942206;85.29168;166874180;78.22803;5434803;2.54775
241;13/10/2022;Brazil;TOTAL;TOTAL;43;687069;3212;34739865;687069;34739865;32208729;1628550980;1978;27381416;8866327;70923215;33247.70297;181950580;85.29561;166883894;78.23258;5434803;2.54775
241;14/10/2022;Brazil;TOTAL;TOTAL;75;687144;6597;34746462;687144;34746462;32212245;1628860237;1978;27381416;8866327;70923215;33247.70297;181950580;85.29561;166884235;78.23274;5434803;2.54775
241;15/10/2022;Brazil;TOTAL;TOTAL;9;687153;2216;34748678;687153;34748678;32212667;1628964120;1977;27381416;8866327;70923215;33247.70297;181950580;85.29561;166884476;78.23285;5434803;2.54775
242;16/10/2022;Brazil;TOTAL;TOTAL;2;687155;380;34749058;687155;34749058;32212760;1628981933;1977;27381416;8866327;70923215;33247.70297;181950580;85.29561;166884566;78.23290;5434803;2.54775
242;17/10/2022;Brazil;TOTAL;TOTAL;88;687243;5532;34754590;687243;34754590;32216886;1629241265;1977;27381416;8866327;70923215;33247.70297;181950580;85.29561;166885668;78.23341;5434803;2.54775
242;18/10/2022;Brazil;TOTAL;TOTAL;83;687326;8283;34762873;687326;34762873;32220777;1629629559;1977;27381416;8866327;70923215;33247.70297;181950867;85.29574;166903515;78.24178;5434803;2.54775
242;19/10/2022;Brazil;TOTAL;TOTAL;97;687423;8447;34771320;687423;34771320;32225324;1630025541;1977;27381416;8866327;70923215;33247.70297;181950867;85.29574;166903750;78.24189;5434803;2.54775
242;20/10/2022;Brazil;TOTAL;TOTAL;60;687483;4939;34776259;687483;34776259;32228137;1630257074;1977;27381416;8866327;70923215;33247.70297;181950867;85.29574;166904072;78.24204;5434803;2.54775
242;21/10/2022;Brazil;TOTAL;TOTAL;44;687527;4203;34780462;687527;34780462;32230199;1630454104;1977;27381416;8866327;70923215;33247.70297;181950867;85.29574;166904226;78.24211;5434803;2.54775
242;22/10/2022;Brazil;TOTAL;TOTAL;39;687566;1688;34782150;687566;34782150;32232027;1630533235;1977;27381416;8866327;70923215;33247.70297;181950867;85.29574;166904419;78.24220;5434803;2.54775
243;23/10/2022;Brazil;TOTAL;TOTAL;8;687574;1636;34783786;687574;34783786;32232402;1630609928;1977;27381416;8866327;70923215;33247.70297;181950867;85.29574;166904433;78.24221;5434803;2.54775
243;24/10/2022;Brazil;TOTAL;TOTAL;92;687666;9523;34793309;687666;34793309;32236715;1631056352;1976;27381416;8866327;70923215;33247.70297;181950867;85.29574;166904449;78.24222;5434803;2.54775
243;25/10/2022;Brazil;TOTAL;TOTAL;44;687710;6015;34799324;687710;34799324;32238778;1631338325;1976;27381416;8866327;70923215;33247.70297;181950867;85.29574;166904641;78.24231;5434803;2.54775
243;26/10/2022;Brazil;TOTAL;TOTAL;197;687907;7751;34807075;687907;34807075;32248013;1631701680;1976;27381416;8866327;70923215;33247.70297;181950867;85.29574;166904838;78.24240;5434803;2.54775
243;27/10/2022;Brazil;TOTAL;TOTAL;55;687962;8183;34815258;687962;34815258;32250591;1632085287;1976;27381416;8866327;70923215;33247.70297;181950867;85.29574;166905070;78.24251;5434803;2.54775
243;28/10/2022;Brazil;TOTAL;TOTAL;118;688080;6969;34822227;688080;34822227;32256123;1632411983;1976;27381416;8866327;70923215;33247.70297;181950867;85.29574;166905396;78.24266;5434803;2.54775
243;29/10/2022;Brazil;TOTAL;TOTAL;11;688091;1842;34824069;688091;34824069;32256639;1632498333;1976;27381416;8866327;70923215;33247.70297;181950867;85.29574;166905396;78.24266;5434803;2.54775
244;30/10/2022;Brazil;TOTAL;TOTAL;1;688092;797;34824866;688092;34824866;32256686;1632535695;1976;27381416;8866327;70923215;33247.70297;181950867;85.29574;166905438;78.24268;5434803;2.54775
244;31/10/2022;Brazil;TOTAL;TOTAL;65;688157;3883;34828749;688157;34828749;32259733;1632717724;1976;27381416;8866327;70923215;33247.70297;181950867;85.29574;166905438;78.24268;5434803;2.54775
244;01/11/2022;Brazil;TOTAL;TOTAL;62;688219;8286;34837035;688219;34837035;32262639;1633106159;1976;27381416;8866327;70923215;33247.70297;181950867;85.29574;166905727;78.24282;5434803;2.54775
244;02/11/2022;Brazil;TOTAL;TOTAL;9;688228;2302;34839337;688228;34839337;32263061;1633214073;1975;27381416;8866327;70923215;33247.70297;181950867;85.29574;166905990;78.24294;5434803;2.54775
244;03/11/2022;Brazil;TOTAL;TOTAL;39;688267;6971;34846308;688267;34846308;32264889;1633540863;1975;27381416;8866327;70923215;33247.70297;181950867;85.29574;166905990;78.24294;5434803;2.54775
244;04/11/2022;Brazil;TOTAL;TOTAL;65;688332;2755;34849063;688332;34849063;32267936;1633670013;1975;27381416;8866327;70923215;33247.70297;181962650;85.30127;166906346;78.24311;5434803;2.54775
244;05/11/2022;Brazil;TOTAL;TOTAL;10;688342;1310;34850373;688342;34850373;32268405;1633731423;1975;27381416;8866327;70923215;33247.70297;181962650;85.30127;166906346;78.24311;5434803;2.54775
245;06/11/2022;Brazil;TOTAL;TOTAL;6;688348;1077;34851450;688348;34851450;32268686;1633781911;1975;27381416;8866327;70923215;33247.70297;181962650;85.30127;166906346;78.24311;5434803;2.54775
245;07/11/2022;Brazil;TOTAL;TOTAL;47;688395;4042;34855492;688395;34855492;32270890;1633971394;1975;27381416;8866327;70923215;33247.70297;181962650;85.30127;166906346;78.24311;5434803;2.54775
245;08/11/2022;Brazil;TOTAL;TOTAL;92;688487;12661;34868153;688487;34868153;32275203;1634564922;1975;27381416;8866327;70923215;33247.70297;181962650;85.30127;166906346;78.24311;5434803;2.54775
245;09/11/2022;Brazil;TOTAL;TOTAL;80;688567;9406;34877559;688567;34877559;32278953;1635005861;1974;27381416;8866327;70923215;33247.70297;181964720;85.30224;166908532;78.24413;5434803;2.54775
245;10/11/2022;Brazil;TOTAL;TOTAL;40;688607;12017;34889576;688607;34889576;32280828;1635569199;1974;27381416;8866327;70923215;33247.70297;181964720;85.30224;166908532;78.24413;5434803;2.54775
245;11/11/2022;Brazil;TOTAL;TOTAL;49;688656;18622;34908198;688656;34908198;32283125;1636442170;1973;27381416;8866327;70923215;33247.70297;181964720;85.30224;166916267;78.24776;5434803;2.54775
245;12/11/2022;Brazil;TOTAL;TOTAL;-2;688654;3739;34911937;688654;34911937;32283031;1636617448;1973;27381416;8866327;70923215;33247.70297;181964720;85.30224;166916267;78.24776;5434803;2.54775
246;13/11/2022;Brazil;TOTAL;TOTAL;4;688658;994;34912931;688658;34912931;32283219;1636664045;1973;27381416;8866327;70923215;33247.70297;181964720;85.30224;166916267;78.24776;5434803;2.54775
246;14/11/2022;Brazil;TOTAL;TOTAL;36;688694;8123;34921054;688694;34921054;32284906;1637044839;1972;27381416;8866327;70923215;33247.70297;181964720;85.30224;166922267;78.25057;5434803;2.54775
246;15/11/2022;Brazil;TOTAL;TOTAL;8;688702;2073;34923127;688702;34923127;32285281;1637142018;1972;27381416;8866327;70923215;33247.70297;181964720;85.30224;166922267;78.25057;5434803;2.54775
246;16/11/2022;Brazil;TOTAL;TOTAL;62;688764;14946;34938073;688764;34938073;32288188;1637842663;1971;27381416;8866327;70923215;33247.70297;181964720;85.30224;166960452;78.26847;5713930;2.67860
246;17/11/2022;Brazil;TOTAL;TOTAL;71;688835;32970;34971043;688835;34971043;32291516;1639388246;1970;27381416;10306434;70923215;33247.70297;181964720;85.30224;166960452;78.26847;5713930;2.67860
246;18/11/2022;Brazil;TOTAL;TOTAL;72;688907;28452;34999495;688907;34999495;32294891;1640722031;1968;27381416;10306434;70923215;33247.70297;181964720;85.30224;166962861;78.26960;5713930;2.67860
246;19/11/2022;Brazil;TOTAL;TOTAL;13;688920;7714;35007209;688920;35007209;32295501;1641083652;1968;27381416;10306434;70923215;33247.70297;181964720;85.30224;166963192;78.26975;5713930;2.67860
247;20/11/2022;Brazil;TOTAL;TOTAL;8;688928;4325;35011534;688928;35011534;32295876;1641286401;1968;27381416;10306434;70923215;33247.70297;181964720;85.30224;166963275;78.26979;5713930;2.67860
247;21/11/2022;Brazil;TOTAL;TOTAL;111;689039;23760;35035294;689039;35035294;32301079;1642400233;1967;27381416;10306434;70923215;33247.70297;181964720;85.30224;166968396;78.27219;5713930;2.67860
247;22/11/2022;Brazil;TOTAL;TOTAL;116;689155;16858;35052152;689155;35052152;32306517;1643190510;1966;27381416;10306434;70923215;33247.70297;181964720;85.30224;166968734;78.27235;5713930;2.67860
247;23/11/2022;Brazil;TOTAL;TOTAL;117;689272;29884;35082036;689272;35082036;32312002;1644591425;1965;27381416;10306434;70923215;33247.70297;181964720;85.30224;166969268;78.27260;5713930;2.67860
247;24/11/2022;Brazil;TOTAL;TOTAL;69;689341;22637;35104673;689341;35104673;32315237;1645652613;1964;27381416;10306434;70923215;33247.70297;181964720;85.30224;166970322;78.27310;5713930;2.67860
247;25/11/2022;Brazil;TOTAL;TOTAL;101;689442;44830;35149503;689442;35149503;32319971;1647754174;1961;27381416;10306434;70923215;33247.70297;181964720;85.30224;166970459;78.27316;5713930;2.67860
247;26/11/2022;Brazil;TOTAL;TOTAL;26;689468;13501;35163004;689468;35163004;32321190;1648387080;1961;27381416;10306434;70923215;33247.70297;181964720;85.30224;166970762;78.27330;5713930;2.67860
248;27/11/2022;Brazil;TOTAL;TOTAL;11;689479;5197;35168201;689479;35168201;32321706;1648630707;1961;27381416;10306434;70923215;33247.70297;181964720;85.30224;166970913;78.27337;5713930;2.67860
248;28/11/2022;Brazil;TOTAL;TOTAL;57;689536;20385;35188586;689536;35188586;32324378;1649586324;1960;27381416;10306434;70923215;33247.70297;181964720;85.30224;166970913;78.27337;5713930;2.67860
248;29/11/2022;Brazil;TOTAL;TOTAL;129;689665;44039;35232625;689665;35232625;32330425;1651650804;1957;27381416;10306434;70923215;33247.70297;182279439;85.44977;167472657;78.50858;5719156;2.68105
248;30/11/2022;Brazil;TOTAL;TOTAL;136;689801;33534;35266159;689801;35266159;32336801;1653222826;1956;27381416;10306434;70923215;33247.70297;182329705;85.47334;168420441;78.95289;5719279;2.68111
248;01/12/2022;Brazil;TOTAL;TOTAL;144;689945;35978;35302137;689945;35302137;32343551;1654909419;1954;27381416;10306434;70923215;33247.70297;182345980;85.48097;168431358;78.95801;5719404;2.68117
248;02/12/2022;Brazil;TOTAL;TOTAL;129;690074;35409;35337546;690074;35337546;32349599;1656569338;1953;27381416;10306434;70923215;33247.70297;182355545;85.48545;168441985;78.96299;5719495;2.68121
248;03/12/2022;Brazil;TOTAL;TOTAL;35;690109;24227;35361773;690109;35361773;32351239;1657705062;1952;27381416;10306434;70923215;33247.70297;182357517;85.48638;168443574;78.96373;5719499;2.68121
249;04/12/2022;Brazil;TOTAL;TOTAL;15;690124;7332;35369105;690124;35369105;32351943;1658048775;1951;27381416;10306434;70923215;33247.70297;182357652;85.48644;168443662;78.96378;5719499;2.68121
249;05/12/2022;Brazil;TOTAL;TOTAL;105;690229;27086;35396191;690229;35396191;32356865;1659318525;1950;27381416;10306434;70923215;33247.70297;182364282;85.48955;168450300;78.96689;5719637;2.68128
249;06/12/2022;Brazil;TOTAL;TOTAL;180;690409;55908;35452099;690409;35452099;32365303;1661939405;1947;27381416;10306434;70923215;33247.70297;182375884;85.49499;168461485;78.97213;5719696;2.68130
249;07/12/2022;Brazil;TOTAL;TOTAL;168;690577;45682;35497781;690577;35497781;32373178;1664080906;1945;27381416;10306434;70923215;33247.70297;182385166;85.49934;168469408;78.97585;5719786;2.68135
249;08/12/2022;Brazil;TOTAL;TOTAL;100;690677;33935;35531716;690677;35531716;32377866;1665671726;1944;27381416;10306434;70923215;33247.70297;182392309;85.50269;168475633;78.97876;5719841;2.68137
249;09/12/2022;Brazil;TOTAL;TOTAL;0;690677;0;35531716;690677;35531716;32377866;1665671726;1944;27381416;10306434;70923215;33247.70297;182396929;85.50485;168480081;78.98085;5719852;2.68138
249;10/12/2022;Brazil;TOTAL;TOTAL;70;690747;39045;35570761;690747;35570761;32381148;1667502095;1942;27381416;10306434;70923215;33247.70297;182398179;85.50544;168481308;78.98142;5719855;2.68138
250;11/12/2022;Brazil;TOTAL;TOTAL;7;690754;6777;35577538;690754;35577538;32381476;1667819791;1942;27381416;10306434;70923215;33247.70297;182398305;85.50550;168481479;78.98150;5719855;2.68138
250;12/12/2022;Brazil;TOTAL;TOTAL;261;691015;66232;35643770;691015;35643770;32393711;1670924644;1939;27381416;10306434;70923215;33247.70297;182405448;85.50884;168489161;78.98510;5720001;2.68145
250;13/12/2022;Brazil;TOTAL;TOTAL;163;691178;53148;35696918;691178;35696918;32401352;1673416140;1936;27381416;10306434;70923215;33247.70297;182412438;85.51212;168495549;78.98810;5720094;2.68149
250;14/12/2022;Brazil;TOTAL;TOTAL;271;691449;54493;35751411;691449;35751411;32414056;1675970687;1934;27381416;10306434;70923215;33247.70297;182413829;85.51277;168497090;78.98882;5720108;2.68150
250;15/12/2022;Brazil;TOTAL;TOTAL;203;691652;58421;35809832;691652;35809832;32423573;1678709373;1931;27381416;10306434;70923215;33247.70297;182581211;85.59124;168775716;79.11944;5724050;2.68335
250;16/12/2022;Brazil;TOTAL;TOTAL;158;691810;59694;35869526;691810;35869526;32430980;1681507735;1929;27381416;10306434;70923215;33247.70297;182585638;85.59331;168781108;79.12197;5724106;2.68337
250;17/12/2022;Brazil;TOTAL;TOTAL;53;691863;22584;35892110;691863;35892110;32433464;1682566438;1928;27381416;10306434;70923215;33247.70297;182790593;85.68939;169115608;79.27877;5731932;2.68704
251;18/12/2022;Brazil;TOTAL;TOTAL;20;691883;9868;35901978;691883;35901978;32434402;1683029034;1927;27381416;10306434;70923215;33247.70297;182790887;85.68953;169115830;79.27888;5731932;2.68704
251;19/12/2022;Brazil;TOTAL;TOTAL;158;692041;43085;35945063;692041;35945063;32441809;1685048792;1925;27381416;10306434;70923215;33247.70297;182792294;85.69019;169118246;79.28001;5731947;2.68705
251;20/12/2022;Brazil;TOTAL;TOTAL;239;692280;56697;36001760;692280;36001760;32453012;1687706660;1923;27381416;10306434;70923215;33247.70297;182795232;85.69157;169122248;79.28189;5731976;2.68706
251;21/12/2022;Brazil;TOTAL;TOTAL;181;692461;42681;36044441;692461;36044441;32461497;1689707479;1921;27381416;10306434;70923215;33247.70297;182799364;85.69351;169127199;79.28421;5732014;2.68708
251;22/12/2022;Brazil;TOTAL;TOTAL;191;692652;48404;36092845;692652;36092845;32470451;1691976583;1919;27381416;10306434;70923215;33247.70297;182799660;85.69364;169127944;79.28456;5732014;2.68708
251;23/12/2022;Brazil;TOTAL;TOTAL;91;692743;31492;36124337;692743;36124337;32474717;1693452879;1918;27381416;10306434;70923215;33247.70297;182808588;85.69783;169137724;79.28914;5732121;2.68713
251;24/12/2022;Brazil;TOTAL;TOTAL;0;692743;0;36124337;692743;36124337;32474717;1693452879;1918;27381416;10306434;70923215;33247.70297;182810933;85.69893;169140752;79.29056;5732147;2.68714
252;25/12/2022;Brazil;TOTAL;TOTAL;0;692743;0;36124337;692743;36124337;32474717;1693452879;1918;27381416;10306434;70923215;33247.70297;182811155;85.69903;169141617;79.29097;5732158;2.68715
252;26/12/2022;Brazil;TOTAL;TOTAL;226;692969;66052;36190389;692969;36190389;32485312;1696549295;1915;27381416;10306434;70923215;33247.70297;182811306;85.69910;169142310;79.29129;5736386;2.68913
252;27/12/2022;Brazil;TOTAL;TOTAL;230;693199;35898;36226287;693199;36226287;32496094;1698232137;1914;27381416;10306434;70923215;33247.70297;182813336;85.70006;169144884;79.29250;5736408;2.68914
252;28/12/2022;Brazil;TOTAL;TOTAL;363;693562;38434;36264721;693562;36264721;32513111;1700033864;1912;27381416;10306434;70923215;33247.70297;182816231;85.70141;169149672;79.29474;5736430;2.68915
252;29/12/2022;Brazil;TOTAL;TOTAL;172;693734;37694;36302415;693734;36302415;32521174;1701800900;1911;27381416;10306434;70923215;33247.70297;182816487;85.70153;169150286;79.29503;5736560;2.68921
252;30/12/2022;Brazil;TOTAL;TOTAL;119;693853;28866;36331281;693853;36331281;32526752;1703154093;1910;27381416;10306434;70923215;33247.70297;182816559;85.70157;169150542;79.29515;5737373;2.68959
252;31/12/2022;Brazil;TOTAL;TOTAL;0;693853;0;36331281;693853;36331281;32526752;1703154093;1910;27381416;10306434;70923215;33247.70297;182816590;85.70158;169150583;79.29517;5737373;2.68959
301;01/01/2023;Brazil;TOTAL;TOTAL;0;693853;0;36331281;693853;36331281;32526752;1703154093;1910;27381416;10306434;70923215;33247.70297;182816590;85.70158;169150583;79.29517;5737373;2.68959
301;02/01/2023;Brazil;TOTAL;TOTAL;128;693981;31085;36362366;693981;36362366;32532753;1704611310;1909;27381416;10306434;70923215;33247.70297;182824429;85.70526;169163823;79.30138;5737493;2.68965
301;03/01/2023;Brazil;TOTAL;TOTAL;211;694192;28057;36390423;694192;36390423;32542644;1705926578;1908;27381416;10306434;70923215;33247.70297;182826633;85.70629;169167758;79.30322;5737518;2.68966
301;04/01/2023;Brazil;TOTAL;TOTAL;219;694411;32715;36423138;694411;36423138;32552910;1707460207;1907;27381416;10306434;70923215;33247.70297;182828849;85.70733;169171193;79.30483;5737556;2.68968
301;05/01/2023;Brazil;TOTAL;TOTAL;158;694569;27674;36450812;694569;36450812;32560317;1708757521;1905;27381416;10306434;70923215;33247.70297;183066228;85.81861;169522285;79.46942;5742424;2.69196
301;06/01/2023;Brazil;TOTAL;TOTAL;210;694779;26402;36477214;694779;36477214;32570162;1709995206;1905;27381416;10306434;70923215;33247.70297;183073126;85.82184;169531818;79.47389;5742516;2.69200
301;07/01/2023;Brazil;TOTAL;TOTAL;27;694806;11172;36488386;694806;36488386;32571427;1710518932;1904;27381416;10306434;70923215;33247.70297;183076799;85.82356;169536852;79.47625;5742546;2.69202
302;08/01/2023;Brazil;TOTAL;TOTAL;11;694817;1664;36490050;694817;36490050;32571943;1710596938;1904;27381416;10306434;70923215;33247.70297;183076822;85.82357;169536867;79.47625;5742546;2.69202
302;09/01/2023;Brazil;TOTAL;TOTAL;100;694917;21236;36511286;694917;36511286;32576631;1711592448;1903;27381416;10306434;70923215;33247.70297;183077013;85.82366;169537374;79.47649;5742546;2.69202
302;10/01/2023;Brazil;TOTAL;TOTAL;68;694985;41146;36552432;694985;36552432;32579819;1713521309;1901;27381416;10306434;70923215;33247.70297;183077684;85.82398;169540995;79.47819;5743172;2.69231
302;11/01/2023;Brazil;TOTAL;TOTAL;103;695088;26433;36578865;695088;36578865;32584647;1714760447;1900;27381416;10306434;70923215;33247.70297;183078042;85.82415;169541664;79.47850;5743172;2.69231
302;12/01/2023;Brazil;TOTAL;TOTAL;148;695236;19070;36597935;695236;36597935;32591585;1715654419;1900;27381416;10306434;70923215;33247.70297;183078323;85.82428;169542243;79.47877;5743240;2.69234
302;13/01/2023;Brazil;TOTAL;TOTAL;78;695314;22436;36620371;695314;36620371;32595242;1716706184;1899;27381416;10306434;70923215;33247.70297;183078528;85.82437;169542635;79.47896;5743240;2.69234
302;14/01/2023;Brazil;TOTAL;TOTAL;24;695338;4343;36624714;695338;36624714;32596367;1716909777;1899;27381416;10306434;70923215;33247.70297;183078717;85.82446;169542808;79.47904;5743240;2.69234
303;15/01/2023;Brazil;TOTAL;TOTAL;5;695343;3385;36628099;695343;36628099;32596601;1717068461;1898;27381416;10306434;70923215;33247.70297;183078742;85.82447;169542821;79.47904;5743240;2.69234
303;16/01/2023;Brazil;TOTAL;TOTAL;67;695410;12688;36640787;695410;36640787;32599742;1717663254;1898;27381416;10306434;70923215;33247.70297;183078888;85.82454;169543192;79.47922;5743240;2.69234
303;17/01/2023;Brazil;TOTAL;TOTAL;114;695524;24260;36665047;695524;36665047;32605086;1718800525;1897;27381416;10306434;70923215;33247.70297;183193168;85.87812;169568517;79.49109;5750563;2.69577
303;18/01/2023;Brazil;TOTAL;TOTAL;91;695615;12797;36677844;695615;36677844;32609352;1719400429;1897;27381416;10306434;70923215;33247.70297;183193476;85.87826;169569062;79.49135;5750563;2.69577
303;19/01/2023;Brazil;TOTAL;TOTAL;472;696087;21031;36698875;696087;36698875;32631479;1720386330;1897;27381416;10306434;70923215;33247.70297;183193743;85.87838;169569725;79.49166;5750563;2.69577
303;20/01/2023;Brazil;TOTAL;TOTAL;101;696188;13976;36712851;696188;36712851;32636213;1721041503;1896;27381416;10306434;70923215;33247.70297;183193911;85.87846;169570155;79.49186;5750563;2.69577
303;21/01/2023;Brazil;TOTAL;TOTAL;66;696254;4650;36717501;696254;36717501;32639307;1721259488;1896;27381416;10306434;70923215;33247.70297;183202508;85.88249;169586896;79.49971;5750708;2.69584
304;22/01/2023;Brazil;TOTAL;TOTAL;3;696257;552;36718053;696257;36718053;32639448;1721285364;1896;27381416;10306434;70923215;33247.70297;183202549;85.88251;169586922;79.49972;5750708;2.69584
304;23/01/2023;Brazil;TOTAL;TOTAL;67;696324;12860;36730913;696324;36730913;32642589;1721888221;1896;27381416;10306434;70923215;33247.70297;183202678;85.88257;169593644;79.50287;5750708;2.69584
304;24/01/2023;Brazil;TOTAL;TOTAL;161;696485;20497;36751410;696485;36751410;32650136;1722849089;1895;27381416;10306434;70923215;33247.70297;183202678;85.88257;169593644;79.50287;5750708;2.69584
304;25/01/2023;Brazil;TOTAL;TOTAL;118;696603;17267;36768677;696603;36768677;32655668;1723658539;1895;27381416;10306434;70923215;33247.70297;183288671;85.92289;169741788;79.57232;5752369;2.69662
304;26/01/2023;Brazil;TOTAL;TOTAL;93;696696;11450;36780127;696696;36780127;32660028;1724195297;1894;27381416;10306434;70923215;33247.70297;183292479;85.92467;169750713;79.57650;5752415;2.69664
304;27/01/2023;Brazil;TOTAL;TOTAL;46;696742;11140;36791267;696742;36791267;32662184;1724717523;1894;27381416;10306434;70923215;33247.70297;183294339;85.92554;169757877;79.57986;5752541;2.69670
304;28/01/2023;Brazil;TOTAL;TOTAL;15;696757;2511;36793778;696757;36793778;32662887;1724835235;1894;27381416;10306434;70923215;33247.70297;183294501;85.92562;169758107;79.57997;5752541;2.69670
305;29/01/2023;Brazil;TOTAL;TOTAL;2;696759;483;36794261;696759;36794261;32662981;1724857877;1894;27381416;10306434;70923215;33247.70297;183294509;85.92562;169758156;79.57999;5752541;2.69670
305;30/01/2023;Brazil;TOTAL;TOTAL;133;696892;13553;36807814;696892;36807814;32669216;1725493221;1893;27381416;10306434;70923215;33247.70297;183294509;85.92562;169758156;79.57999;5752541;2.69670
305;31/01/2023;Brazil;TOTAL;TOTAL;182;697074;16766;36824580;697074;36824580;32677748;1726279185;1893;27381416;10306434;70923215;33247.70297;183294896;85.92580;169759584;79.58066;5752548;2.69671
305;01/02/2023;Brazil;TOTAL;TOTAL;126;697200;13363;36837943;697200;36837943;32683654;1726905622;1893;27381416;10306434;70923215;33247.70297;183299979;85.92819;169772728;79.58682;5752609;2.69673
305;02/02/2023;Brazil;TOTAL;TOTAL;48;697248;19973;36857916;697248;36857916;32685905;1727841925;1892;27381416;10306434;70923215;33247.70297;183331762;85.94309;169852699;79.62431;5754860;2.69779
305;03/02/2023;Brazil;TOTAL;TOTAL;97;697345;8742;36866658;697345;36866658;32690452;1728251736;1892;27381416;10306434;70923215;33247.70297;183331940;85.94317;169853552;79.62471;5754860;2.69779
305;04/02/2023;Brazil;TOTAL;TOTAL;15;697360;1561;36868219;697360;36868219;32691155;1728324914;1891;27381416;10306434;70923215;33247.70297;183332352;85.94336;169853921;79.62488;5754860;2.69779
306;05/02/2023;Brazil;TOTAL;TOTAL;1;697361;727;36868946;697361;36868946;32691202;1728358994;1891;27381416;10306434;70923215;33247.70297;183332396;85.94338;169853948;79.62490;5754860;2.69779
306;06/02/2023;Brazil;TOTAL;TOTAL;78;697439;9828;36878774;697439;36878774;32694858;1728819716;1891;27381416;10306434;70923215;33247.70297;183341249;85.94753;169869261;79.63207;5755296;2.69799
306;07/02/2023;Brazil;TOTAL;TOTAL;94;697533;9217;36887991;697533;36887991;32699265;1729251794;1891;27381416;10306434;70923215;33247.70297;183341603;85.94770;169870124;79.63248;5755296;2.69799
306;08/02/2023;Brazil;TOTAL;TOTAL;50;697583;19899;36907890;697583;36907890;32701609;1730184629;1890;27381416;10306434;70923215;33247.70297;183342163;85.94796;169871894;79.63331;5755296;2.69799
306;09/02/2023;Brazil;TOTAL;TOTAL;37;697620;9733;36917623;697620;36917623;32703343;1730640897;1890;27381416;10306434;70923215;33247.70297;183389725;85.97026;169936302;79.66350;5755707;2.69819
306;10/02/2023;Brazil;TOTAL;TOTAL;42;697662;12716;36930339;697662;36930339;32705312;1731237003;1889;27381416;10306434;70923215;33247.70297;183390080;85.97042;169937223;79.66393;5755707;2.69819
306;11/02/2023;Brazil;TOTAL;TOTAL;12;697674;2193;36932532;697674;36932532;32705875;1731339807;1889;27381416;10306434;70923215;33247.70297;183390332;85.97054;169937407;79.66402;5755707;2.69819
307;12/02/2023;Brazil;TOTAL;TOTAL;0;697674;298;36932830;697674;36932830;32705875;1731353777;1889;27381416;10306434;70923215;33247.70297;183406497;85.97812;169954053;79.67182;5755910;2.69828
307;13/02/2023;Brazil;TOTAL;TOTAL;88;697762;20662;36953492;697762;36953492;32710000;1732322380;1888;27381416;10306434;70923215;33247.70297;183406851;85.97829;169955408;79.67246;5755910;2.69828
307;14/02/2023;Brazil;TOTAL;TOTAL;86;697848;-4174;36949318;697848;36949318;32714032;1732126709;1889;27381416;10306434;70923215;33247.70297;183407311;85.97850;169957585;79.67348;5755910;2.69828
307;15/02/2023;Brazil;TOTAL;TOTAL;46;697894;11570;36960888;697894;36960888;32716188;1732669093;1888;27381416;10306434;70923215;33247.70297;183414572;85.98191;169963706;79.67635;5755938;2.69829
307;16/02/2023;Brazil;TOTAL;TOTAL;120;698014;9625;36970513;698014;36970513;32721814;1733120298;1888;27381416;10306434;70923215;33247.70297;183414630;85.98193;169965970;79.67741;5755938;2.69829
307;17/02/2023;Brazil;TOTAL;TOTAL;33;698047;17169;36987682;698047;36987682;32723360;1733925154;1887;27381416;10306434;70923215;33247.70297;183415419;85.98230;169967055;79.67792;5755938;2.69829
307;18/02/2023;Brazil;TOTAL;TOTAL;9;698056;1691;36989373;698056;36989373;32723782;1734004425;1887;27381416;10306434;70923215;33247.70297;183415490;85.98234;169967155;79.67797;5755938;2.69829
308;19/02/2023;Brazil;TOTAL;TOTAL;0;698056;484;36989857;698056;36989857;32723782;1734027114;1887;27381416;10306434;70923215;33247.70297;183415514;85.98235;169967174;79.67797;5755938;2.69829
308;20/02/2023;Brazil;TOTAL;TOTAL;2;698058;417;36990274;698058;36990274;32723876;1734046663;1887;27381416;10306434;70923215;33247.70297;183556832;86.04860;170070474;79.72640;5757203;2.69889
308;21/02/2023;Brazil;TOTAL;TOTAL;11;698069;1880;36992154;698069;36992154;32724392;1734134794;1887;27381416;10306434;70923215;33247.70297;183556838;86.04860;170070477;79.72640;5757203;2.69889
308;22/02/2023;Brazil;TOTAL;TOTAL;312;698381;5174;36997328;698381;36997328;32739018;1734377343;1888;27381416;10306434;70923215;33247.70297;183556838;86.04860;170070477;79.72640;5757203;2.69889
308;23/02/2023;Brazil;TOTAL;TOTAL;453;698834;11616;37008944;698834;37008944;32760254;1734921883;1888;27381416;10306434;70923215;33247.70297;183556838;86.04860;170070477;79.72640;5757203;2.69889
308;24/02/2023;Brazil;TOTAL;TOTAL;94;698928;11587;37020531;698928;37020531;32764660;1735465064;1888;27381416;10306434;70923215;33247.70297;183557824;86.04906;170075136;79.72859;5757203;2.69889
308;25/02/2023;Brazil;TOTAL;TOTAL;0;698928;0;37020531;698928;37020531;32764660;1735465064;1888;27381416;10306434;70923215;33247.70297;183557824;86.04906;170075136;79.72859;5757203;2.69889
309;26/02/2023;Brazil;TOTAL;TOTAL;0;698928;0;37020531;698928;37020531;32764660;1735465064;1888;27381416;10306434;70923215;33247.70297;183558049;86.04917;170075373;79.72870;5757203;2.69889
309;27/02/2023;Brazil;TOTAL;TOTAL;78;699006;17699;37038230;699006;37038230;32768317;1736294766;1887;27381416;10306434;70923215;33247.70297;183605792;86.07155;170105022;79.74260;5757282;2.69892
309;28/02/2023;Brazil;TOTAL;TOTAL;81;699087;14706;37052936;699087;37052936;32772114;1736984160;1887;27381416;10306434;70923215;33247.70297;183620668;86.07852;170122528;79.75080;5757282;2.69892
309;01/03/2023;Brazil;TOTAL;TOTAL;110;699197;10528;37063464;699197;37063464;32777271;1737477696;1886;27381416;10306434;70923215;33247.70297;183628512;86.08220;170129717;79.75417;5757282;2.69892
309;02/03/2023;Brazil;TOTAL;TOTAL;0;699197;0;37063464;699197;37063464;32777271;1737477696;1886;27381416;10306434;70923215;33247.70297;183636462;86.08592;170136276;79.75725;5757282;2.69892
309;03/03/2023;Brazil;TOTAL;TOTAL;79;699276;12589;37076053;699276;37076053;32780974;1738067849;1886;27381416;10306434;70923215;33247.70297;183636805;86.08609;170138349;79.75822;5757282;2.69892
309;04/03/2023;Brazil;TOTAL;TOTAL;0;699276;0;37076053;699276;37076053;32780974;1738067849;1886;27381416;10306434;70923215;33247.70297;183637080;86.08621;170138615;79.75834;5757282;2.69892
310;05/03/2023;Brazil;TOTAL;TOTAL;0;699276;0;37076053;699276;37076053;32780974;1738067849;1886;27381416;10306434;70923215;33247.70297;183637107;86.08623;170138648;79.75836;5757282;2.69892
310;06/03/2023;Brazil;TOTAL;TOTAL;0;699276;0;37076053;699276;37076053;32780974;1738067849;1886;27381416;10306434;70923215;33247.70297;183637288;86.08631;170140491;79.75922;5757282;2.69892
310;07/03/2023;Brazil;TOTAL;TOTAL;0;699276;0;37076053;699276;37076053;32780974;1738067849;1886;27381416;10306434;70923215;33247.70297;183637568;86.08644;170142684;79.76025;5757282;2.69892
310;08/03/2023;Brazil;TOTAL;TOTAL;0;699276;0;37076053;699276;37076053;32780974;1738067849;1886;27381416;10306434;70923215;33247.70297;183637930;86.08661;170147248;79.76239;5757282;2.69892
310;09/03/2023;Brazil;TOTAL;TOTAL;0;699276;0;37076053;699276;37076053;32780974;1738067849;1886;27381416;10306434;70923215;33247.70297;183685532;86.10893;170197853;79.78611;5757412;2.69899
310;10/03/2023;Brazil;TOTAL;TOTAL;34;699310;9467;37085520;699310;37085520;32782568;1738511647;1886;27381416;10306434;70923215;33247.70297;183795224;86.16035;170298516;79.83330;5758183;2.69935
310;11/03/2023;Brazil;TOTAL;TOTAL;0;699310;0;37085520;699310;37085520;32782568;1738511647;1886;27381416;10306434;70923215;33247.70297;183795571;86.16051;170298926;79.83349;5758183;2.69935
311;12/03/2023;Brazil;TOTAL;TOTAL;0;699310;0;37085520;699310;37085520;32782568;1738511647;1886;27381416;10306434;70923215;33247.70297;183795593;86.16052;170298965;79.83351;5758183;2.69935
311;13/03/2023;Brazil;TOTAL;TOTAL;0;699310;0;37085520;699310;37085520;32782568;1738511647;1886;27381416;10306434;70923215;33247.70297;183801055;86.16308;170304627;79.83617;5758207;2.69936
311;14/03/2023;Brazil;TOTAL;TOTAL;0;699310;0;37085520;699310;37085520;32782568;1738511647;1886;27381416;10306434;70923215;33247.70297;183844274;86.18334;170351125;79.85796;5759158;2.69980
311;15/03/2023;Brazil;TOTAL;TOTAL;0;699310;0;37085520;699310;37085520;32782568;1738511647;1886;27381416;10306434;70923215;33247.70297;183844684;86.18354;170351506;79.85814;5759158;2.69980
311;16/03/2023;Brazil;TOTAL;TOTAL;0;699310;0;37085520;699310;37085520;32782568;1738511647;1886;27381416;10306434;70923215;33247.70297;183856030;86.18885;170368190;79.86596;5759158;2.69980
311;17/03/2023;Brazil;TOTAL;TOTAL;0;699310;0;37085520;699310;37085520;32782568;1738511647;1886;27381416;10306434;70923215;33247.70297;183869065;86.19497;170385596;79.87412;5759211;2.69983
311;18/03/2023;Brazil;TOTAL;TOTAL;0;699310;0;37085520;699310;37085520;32782568;1738511647;1886;27381416;10306434;70923215;33247.70297;183869403;86.19512;170385963;79.87430;5759211;2.69983
